room_id,rt60_target,rt60_achieved,distance_m,replicate,seed,snr_condition,utterance,config_id,delay,taps,stoi,si_sdr_db,runtime_s,numerical_failure,signal_failure,warnings
D_rt0.2_d1.0_rep0,0.2,0.2058831460991553,1.0,0,201,clean,5808-48608-0028,baseline,,,0.9926970755873967,18.0723493434624,,False,False,
D_rt0.2_d1.0_rep0,0.2,0.2058831460991553,1.0,0,201,clean,5808-48608-0028,C1,2,10,0.9446412641047252,6.966614923435921,1.571,False,False,
D_rt0.2_d1.0_rep0,0.2,0.2058831460991553,1.0,0,201,clean,5808-48608-0028,C2,2,20,0.9411020481208199,6.50882959191157,2.988,False,False,
D_rt0.2_d1.0_rep0,0.2,0.2058831460991553,1.0,0,201,clean,5808-48608-0028,C3,2,30,0.9394701890720161,6.164190302052286,8.01,False,False,
D_rt0.2_d1.0_rep0,0.2,0.2058831460991553,1.0,0,201,clean,5808-48608-0028,C4,3,10,0.9661987311153913,10.731714534179668,1.513,False,False,
D_rt0.2_d1.0_rep0,0.2,0.2058831460991553,1.0,0,201,clean,5808-48608-0028,C5,3,20,0.9645162013177964,10.543111601702243,2.789,False,False,
D_rt0.2_d1.0_rep0,0.2,0.2058831460991553,1.0,0,201,clean,5808-48608-0028,C6,3,30,0.9625509645065037,10.179410101448836,6.35,False,False,
D_rt0.2_d1.0_rep0,0.2,0.2058831460991553,1.0,0,201,clean,5808-48608-0028,C7,4,10,0.9805263888334703,13.282871515345969,1.568,False,False,
D_rt0.2_d1.0_rep0,0.2,0.2058831460991553,1.0,0,201,clean,5808-48608-0028,C8,4,20,0.9792501980582713,13.030444101828117,2.959,False,False,
D_rt0.2_d1.0_rep0,0.2,0.2058831460991553,1.0,0,201,clean,5808-48608-0028,C9,4,30,0.9784194396664402,12.782392610469532,6.303,False,False,
D_rt0.2_d1.0_rep0,0.2,0.2058831460991553,1.0,0,201,clean,1743-142912-0013,baseline,,,0.9958627785986067,19.01036386554813,,False,False,
D_rt0.2_d1.0_rep0,0.2,0.2058831460991553,1.0,0,201,clean,1743-142912-0013,C1,2,10,0.9635451278952045,7.67289964171069,1.317,False,False,
D_rt0.2_d1.0_rep0,0.2,0.2058831460991553,1.0,0,201,clean,1743-142912-0013,C2,2,20,0.9623202656269398,7.1399963410063,2.244,False,False,
D_rt0.2_d1.0_rep0,0.2,0.2058831460991553,1.0,0,201,clean,1743-142912-0013,C3,2,30,0.9602631823013897,6.715461649911908,6.558,False,False,
D_rt0.2_d1.0_rep0,0.2,0.2058831460991553,1.0,0,201,clean,1743-142912-0013,C4,3,10,0.9777842142558504,10.7711314887189,1.279,False,False,
D_rt0.2_d1.0_rep0,0.2,0.2058831460991553,1.0,0,201,clean,1743-142912-0013,C5,3,20,0.9762169399947324,10.553180360496459,2.294,False,False,
D_rt0.2_d1.0_rep0,0.2,0.2058831460991553,1.0,0,201,clean,1743-142912-0013,C6,3,30,0.9753123325165524,10.313534398314196,5.759,False,False,
D_rt0.2_d1.0_rep0,0.2,0.2058831460991553,1.0,0,201,clean,1743-142912-0013,C7,4,10,0.9876317944862812,15.087816417999251,1.219,False,False,
D_rt0.2_d1.0_rep0,0.2,0.2058831460991553,1.0,0,201,clean,1743-142912-0013,C8,4,20,0.9866047509646303,14.682284145201843,2.536,False,False,
D_rt0.2_d1.0_rep0,0.2,0.2058831460991553,1.0,0,201,clean,1743-142912-0013,C9,4,30,0.9856732362003188,14.069190108682017,5.875,False,False,
D_rt0.2_d1.0_rep0,0.2,0.2058831460991553,1.0,0,201,clean,1098-133695-0069,baseline,,,0.9966746207795169,21.02107446672457,,False,False,
D_rt0.2_d1.0_rep0,0.2,0.2058831460991553,1.0,0,201,clean,1098-133695-0069,C1,2,10,0.9516294777241533,8.826223020058755,1.417,False,False,
D_rt0.2_d1.0_rep0,0.2,0.2058831460991553,1.0,0,201,clean,1098-133695-0069,C2,2,20,0.9477337341757155,7.977121745423533,2.646,False,False,
D_rt0.2_d1.0_rep0,0.2,0.2058831460991553,1.0,0,201,clean,1098-133695-0069,C3,2,30,0.9465197780010669,7.514616402759304,7.04,False,False,
D_rt0.2_d1.0_rep0,0.2,0.2058831460991553,1.0,0,201,clean,1098-133695-0069,C4,3,10,0.9723922303267784,11.742299831523313,1.511,False,False,
D_rt0.2_d1.0_rep0,0.2,0.2058831460991553,1.0,0,201,clean,1098-133695-0069,C5,3,20,0.9698563135757268,11.545416063738607,2.692,False,False,
D_rt0.2_d1.0_rep0,0.2,0.2058831460991553,1.0,0,201,clean,1098-133695-0069,C6,3,30,0.9689325181238813,11.452589820134918,6.768,False,False,
D_rt0.2_d1.0_rep0,0.2,0.2058831460991553,1.0,0,201,clean,1098-133695-0069,C7,4,10,0.9850220883243556,14.936981527260386,1.568,False,False,
D_rt0.2_d1.0_rep0,0.2,0.2058831460991553,1.0,0,201,clean,1098-133695-0069,C8,4,20,0.9836262933861325,14.212699577065093,2.618,False,False,
D_rt0.2_d1.0_rep0,0.2,0.2058831460991553,1.0,0,201,clean,1098-133695-0069,C9,4,30,0.9827169103335734,13.764271177939111,7.444,False,False,
D_rt0.2_d1.0_rep0,0.2,0.2058831460991553,1.0,0,201,clean,6848-252323-0022,baseline,,,0.9935843804396,17.8584896643737,,False,False,
D_rt0.2_d1.0_rep0,0.2,0.2058831460991553,1.0,0,201,clean,6848-252323-0022,C1,2,10,0.9480723756306538,7.304520610121913,1.52,False,False,
D_rt0.2_d1.0_rep0,0.2,0.2058831460991553,1.0,0,201,clean,6848-252323-0022,C2,2,20,0.9429680854834793,6.498876092445207,2.929,False,False,
D_rt0.2_d1.0_rep0,0.2,0.2058831460991553,1.0,0,201,clean,6848-252323-0022,C3,2,30,0.9406274727549414,6.025254915402227,7.27,False,False,
D_rt0.2_d1.0_rep0,0.2,0.2058831460991553,1.0,0,201,clean,6848-252323-0022,C4,3,10,0.9662648262987784,10.556681251861676,1.564,False,False,
D_rt0.2_d1.0_rep0,0.2,0.2058831460991553,1.0,0,201,clean,6848-252323-0022,C5,3,20,0.9626998732674567,10.040187880674665,2.902,False,False,
D_rt0.2_d1.0_rep0,0.2,0.2058831460991553,1.0,0,201,clean,6848-252323-0022,C6,3,30,0.9618260755143865,9.862355148316396,8.164,False,False,
D_rt0.2_d1.0_rep0,0.2,0.2058831460991553,1.0,0,201,clean,6848-252323-0022,C7,4,10,0.981716778758669,13.657704170995986,1.529,False,False,
D_rt0.2_d1.0_rep0,0.2,0.2058831460991553,1.0,0,201,clean,6848-252323-0022,C8,4,20,0.9786101097906065,12.695078985345415,3.257,False,False,
D_rt0.2_d1.0_rep0,0.2,0.2058831460991553,1.0,0,201,clean,6848-252323-0022,C9,4,30,0.9771857185076892,12.319007645565597,8.49,False,False,
D_rt0.2_d1.0_rep0,0.2,0.2058831460991553,1.0,0,201,clean,2893-139310-0011,baseline,,,0.9931357911061909,19.56170747089762,,False,False,
D_rt0.2_d1.0_rep0,0.2,0.2058831460991553,1.0,0,201,clean,2893-139310-0011,C1,2,10,0.952756327447994,8.434846567038633,1.598,False,False,
D_rt0.2_d1.0_rep0,0.2,0.2058831460991553,1.0,0,201,clean,2893-139310-0011,C2,2,20,0.9502782546139722,7.7392017084701905,3.317,False,False,
D_rt0.2_d1.0_rep0,0.2,0.2058831460991553,1.0,0,201,clean,2893-139310-0011,C3,2,30,0.9497703468276458,7.413202380871678,10.078,False,False,
D_rt0.2_d1.0_rep0,0.2,0.2058831460991553,1.0,0,201,clean,2893-139310-0011,C4,3,10,0.9710351214445109,11.4938573485371,1.689,False,False,
D_rt0.2_d1.0_rep0,0.2,0.2058831460991553,1.0,0,201,clean,2893-139310-0011,C5,3,20,0.9685749714382602,11.15863934631763,2.913,False,False,
D_rt0.2_d1.0_rep0,0.2,0.2058831460991553,1.0,0,201,clean,2893-139310-0011,C6,3,30,0.9667368404208947,10.926474540354844,6.784,False,False,
D_rt0.2_d1.0_rep0,0.2,0.2058831460991553,1.0,0,201,clean,2893-139310-0011,C7,4,10,0.9832121259060426,14.327563001964101,1.669,False,False,
D_rt0.2_d1.0_rep0,0.2,0.2058831460991553,1.0,0,201,clean,2893-139310-0011,C8,4,20,0.9824001368058528,14.008408611604452,2.908,False,False,
D_rt0.2_d1.0_rep0,0.2,0.2058831460991553,1.0,0,201,clean,2893-139310-0011,C9,4,30,0.9813976793720476,13.758684768925631,6.593,False,False,
D_rt0.2_d1.0_rep0,0.2,0.2058831460991553,1.0,0,201,clean,26-495-0064,baseline,,,0.9947240199499833,19.68666748246285,,False,False,
D_rt0.2_d1.0_rep0,0.2,0.2058831460991553,1.0,0,201,clean,26-495-0064,C1,2,10,0.9532166580413061,7.739093911765329,1.42,False,False,
D_rt0.2_d1.0_rep0,0.2,0.2058831460991553,1.0,0,201,clean,26-495-0064,C2,2,20,0.9501896950520441,7.158557802477769,2.705,False,False,
D_rt0.2_d1.0_rep0,0.2,0.2058831460991553,1.0,0,201,clean,26-495-0064,C3,2,30,0.9477234469219444,6.775296188218652,6.286,False,False,
D_rt0.2_d1.0_rep0,0.2,0.2058831460991553,1.0,0,201,clean,26-495-0064,C4,3,10,0.9724575442595665,11.351564536215964,1.539,False,False,
D_rt0.2_d1.0_rep0,0.2,0.2058831460991553,1.0,0,201,clean,26-495-0064,C5,3,20,0.9700460597576963,10.9040313116015,3.593,False,False,
D_rt0.2_d1.0_rep0,0.2,0.2058831460991553,1.0,0,201,clean,26-495-0064,C6,3,30,0.9685986776973963,10.624367342377955,15.591,False,False,
D_rt0.2_d1.0_rep0,0.2,0.2058831460991553,1.0,0,201,clean,26-495-0064,C7,4,10,0.9862014468949648,14.672933658321558,1.439,False,False,
D_rt0.2_d1.0_rep0,0.2,0.2058831460991553,1.0,0,201,clean,26-495-0064,C8,4,20,0.9852829700789509,14.21293825656221,2.786,False,False,
D_rt0.2_d1.0_rep0,0.2,0.2058831460991553,1.0,0,201,clean,26-495-0064,C9,4,30,0.9840760581946923,13.901360757674867,13.196,False,False,
D_rt0.2_d1.0_rep0,0.2,0.2058831460991553,1.0,0,201,10dB,5808-48608-0028,baseline,,,0.8869963902828714,9.31326774959792,,False,False,
D_rt0.2_d1.0_rep0,0.2,0.2058831460991553,1.0,0,201,10dB,5808-48608-0028,C1,2,10,0.8533705401060517,6.158750490170526,1.637,False,False,
D_rt0.2_d1.0_rep0,0.2,0.2058831460991553,1.0,0,201,10dB,5808-48608-0028,C2,2,20,0.8514020240129544,6.0672086468097195,3.64,False,False,
D_rt0.2_d1.0_rep0,0.2,0.2058831460991553,1.0,0,201,10dB,5808-48608-0028,C3,2,30,0.8514971121815204,6.077617423573166,8.901,False,False,
D_rt0.2_d1.0_rep0,0.2,0.2058831460991553,1.0,0,201,10dB,5808-48608-0028,C4,3,10,0.8667185763414625,7.36746205998465,1.604,False,False,
D_rt0.2_d1.0_rep0,0.2,0.2058831460991553,1.0,0,201,10dB,5808-48608-0028,C5,3,20,0.8650410064696812,7.317079998768639,3.29,False,False,
D_rt0.2_d1.0_rep0,0.2,0.2058831460991553,1.0,0,201,10dB,5808-48608-0028,C6,3,30,0.8653739730287399,7.344617622968141,8.269,False,False,
D_rt0.2_d1.0_rep0,0.2,0.2058831460991553,1.0,0,201,10dB,5808-48608-0028,C7,4,10,0.8778019018696519,8.397201519625664,1.701,False,False,
D_rt0.2_d1.0_rep0,0.2,0.2058831460991553,1.0,0,201,10dB,5808-48608-0028,C8,4,20,0.8763860742976751,8.360673539394528,3.165,False,False,
D_rt0.2_d1.0_rep0,0.2,0.2058831460991553,1.0,0,201,10dB,5808-48608-0028,C9,4,30,0.8766314411072273,8.381682347681638,8.457,False,False,
D_rt0.2_d1.0_rep0,0.2,0.2058831460991553,1.0,0,201,10dB,1743-142912-0013,baseline,,,0.9237888548795582,9.439953574387088,,False,False,
D_rt0.2_d1.0_rep0,0.2,0.2058831460991553,1.0,0,201,10dB,1743-142912-0013,C1,2,10,0.9001543280526968,6.743452875309756,1.216,False,False,
D_rt0.2_d1.0_rep0,0.2,0.2058831460991553,1.0,0,201,10dB,1743-142912-0013,C2,2,20,0.898608517840281,6.674950941947881,2.248,False,False,
D_rt0.2_d1.0_rep0,0.2,0.2058831460991553,1.0,0,201,10dB,1743-142912-0013,C3,2,30,0.8988220638816043,6.699706216624514,6.974,False,False,
D_rt0.2_d1.0_rep0,0.2,0.2058831460991553,1.0,0,201,10dB,1743-142912-0013,C4,3,10,0.9078624084325846,7.847163976418981,1.24,False,False,
D_rt0.2_d1.0_rep0,0.2,0.2058831460991553,1.0,0,201,10dB,1743-142912-0013,C5,3,20,0.9067141667008852,7.80554803624246,2.41,False,False,
D_rt0.2_d1.0_rep0,0.2,0.2058831460991553,1.0,0,201,10dB,1743-142912-0013,C6,3,30,0.9070134674103244,7.858456450163662,5.785,False,False,
D_rt0.2_d1.0_rep0,0.2,0.2058831460991553,1.0,0,201,10dB,1743-142912-0013,C7,4,10,0.9159846794262938,8.939434798528191,1.26,False,False,
D_rt0.2_d1.0_rep0,0.2,0.2058831460991553,1.0,0,201,10dB,1743-142912-0013,C8,4,20,0.915271491040045,8.958536450608793,2.328,False,False,
D_rt0.2_d1.0_rep0,0.2,0.2058831460991553,1.0,0,201,10dB,1743-142912-0013,C9,4,30,0.9152561550447551,8.996137073425798,6.844,False,False,
D_rt0.2_d1.0_rep0,0.2,0.2058831460991553,1.0,0,201,10dB,1098-133695-0069,baseline,,,0.8565890510848521,9.642053650292139,,False,False,
D_rt0.2_d1.0_rep0,0.2,0.2058831460991553,1.0,0,201,10dB,1098-133695-0069,C1,2,10,0.8276884061460179,7.133897030000766,1.485,False,False,
D_rt0.2_d1.0_rep0,0.2,0.2058831460991553,1.0,0,201,10dB,1098-133695-0069,C2,2,20,0.8264029397017582,7.097771961971037,2.923,False,False,
D_rt0.2_d1.0_rep0,0.2,0.2058831460991553,1.0,0,201,10dB,1098-133695-0069,C3,2,30,0.8276262317855352,7.124136690668901,7.682,False,False,
D_rt0.2_d1.0_rep0,0.2,0.2058831460991553,1.0,0,201,10dB,1098-133695-0069,C4,3,10,0.8382799377785466,7.964298250676853,1.542,False,False,
D_rt0.2_d1.0_rep0,0.2,0.2058831460991553,1.0,0,201,10dB,1098-133695-0069,C5,3,20,0.8368036640555523,7.926888217769451,3.219,False,False,
D_rt0.2_d1.0_rep0,0.2,0.2058831460991553,1.0,0,201,10dB,1098-133695-0069,C6,3,30,0.8378750631208793,7.956871032867404,8.396,False,False,
D_rt0.2_d1.0_rep0,0.2,0.2058831460991553,1.0,0,201,10dB,1098-133695-0069,C7,4,10,0.8474665017209088,8.855994582182756,1.504,False,False,
D_rt0.2_d1.0_rep0,0.2,0.2058831460991553,1.0,0,201,10dB,1098-133695-0069,C8,4,20,0.8465226908472337,8.868253687898358,2.91,False,False,
D_rt0.2_d1.0_rep0,0.2,0.2058831460991553,1.0,0,201,10dB,1098-133695-0069,C9,4,30,0.8471917705090759,8.906990329003913,8.494,False,False,
D_rt0.2_d1.0_rep0,0.2,0.2058831460991553,1.0,0,201,10dB,6848-252323-0022,baseline,,,0.8280652322376553,9.271864223765467,,False,False,
D_rt0.2_d1.0_rep0,0.2,0.2058831460991553,1.0,0,201,10dB,6848-252323-0022,C1,2,10,0.7909136696856661,5.879259520007121,1.642,False,False,
D_rt0.2_d1.0_rep0,0.2,0.2058831460991553,1.0,0,201,10dB,6848-252323-0022,C2,2,20,0.7868984739859515,5.629898937019076,2.867,False,False,
D_rt0.2_d1.0_rep0,0.2,0.2058831460991553,1.0,0,201,10dB,6848-252323-0022,C3,2,30,0.7858506540614889,5.614802720084876,7.042,False,False,
D_rt0.2_d1.0_rep0,0.2,0.2058831460991553,1.0,0,201,10dB,6848-252323-0022,C4,3,10,0.8050293366906436,6.855814439371391,1.617,False,False,
D_rt0.2_d1.0_rep0,0.2,0.2058831460991553,1.0,0,201,10dB,6848-252323-0022,C5,3,20,0.8017989189685052,6.697902154727626,3.216,False,False,
D_rt0.2_d1.0_rep0,0.2,0.2058831460991553,1.0,0,201,10dB,6848-252323-0022,C6,3,30,0.8012192805621979,6.720716767819795,7.04,False,False,
D_rt0.2_d1.0_rep0,0.2,0.2058831460991553,1.0,0,201,10dB,6848-252323-0022,C7,4,10,0.8175624664848405,8.130299023893413,1.567,False,False,
D_rt0.2_d1.0_rep0,0.2,0.2058831460991553,1.0,0,201,10dB,6848-252323-0022,C8,4,20,0.8151885578175871,7.984317566150047,3.011,False,False,
D_rt0.2_d1.0_rep0,0.2,0.2058831460991553,1.0,0,201,10dB,6848-252323-0022,C9,4,30,0.8148016135862907,8.016716268573486,8.602,False,False,
D_rt0.2_d1.0_rep0,0.2,0.2058831460991553,1.0,0,201,10dB,2893-139310-0011,baseline,,,0.8889786086670729,9.490985625345887,,False,False,
D_rt0.2_d1.0_rep0,0.2,0.2058831460991553,1.0,0,201,10dB,2893-139310-0011,C1,2,10,0.8566860768901139,6.705695921054832,1.726,False,False,
D_rt0.2_d1.0_rep0,0.2,0.2058831460991553,1.0,0,201,10dB,2893-139310-0011,C2,2,20,0.8540190321832783,6.555427831858923,3.456,False,False,
D_rt0.2_d1.0_rep0,0.2,0.2058831460991553,1.0,0,201,10dB,2893-139310-0011,C3,2,30,0.8536077473123499,6.565961997990403,8.308,False,False,
D_rt0.2_d1.0_rep0,0.2,0.2058831460991553,1.0,0,201,10dB,2893-139310-0011,C4,3,10,0.8700055878239021,7.709450999867842,1.755,False,False,
D_rt0.2_d1.0_rep0,0.2,0.2058831460991553,1.0,0,201,10dB,2893-139310-0011,C5,3,20,0.8678605971079247,7.581979777125982,3.095,False,False,
D_rt0.2_d1.0_rep0,0.2,0.2058831460991553,1.0,0,201,10dB,2893-139310-0011,C6,3,30,0.8674951072157416,7.59779024106677,9.003,False,False,
D_rt0.2_d1.0_rep0,0.2,0.2058831460991553,1.0,0,201,10dB,2893-139310-0011,C7,4,10,0.8806799234298854,8.554680944529562,1.8,False,False,
D_rt0.2_d1.0_rep0,0.2,0.2058831460991553,1.0,0,201,10dB,2893-139310-0011,C8,4,20,0.878731213665537,8.451436001804707,3.253,False,False,
D_rt0.2_d1.0_rep0,0.2,0.2058831460991553,1.0,0,201,10dB,2893-139310-0011,C9,4,30,0.8786184894735267,8.476603914225311,7.195,False,False,
D_rt0.2_d1.0_rep0,0.2,0.2058831460991553,1.0,0,201,10dB,26-495-0064,baseline,,,0.9274781192924169,9.517827436673231,,False,False,
D_rt0.2_d1.0_rep0,0.2,0.2058831460991553,1.0,0,201,10dB,26-495-0064,C1,2,10,0.8929091771082959,6.428919654867174,1.439,False,False,
D_rt0.2_d1.0_rep0,0.2,0.2058831460991553,1.0,0,201,10dB,26-495-0064,C2,2,20,0.8899697629461704,6.301710288602744,2.748,False,False,
D_rt0.2_d1.0_rep0,0.2,0.2058831460991553,1.0,0,201,10dB,26-495-0064,C3,2,30,0.8894163653998254,6.314019324438026,6.638,False,False,
D_rt0.2_d1.0_rep0,0.2,0.2058831460991553,1.0,0,201,10dB,26-495-0064,C4,3,10,0.9061051646470917,7.74320229121706,1.505,False,False,
D_rt0.2_d1.0_rep0,0.2,0.2058831460991553,1.0,0,201,10dB,26-495-0064,C5,3,20,0.9036926394874271,7.654086415796871,3.063,False,False,
D_rt0.2_d1.0_rep0,0.2,0.2058831460991553,1.0,0,201,10dB,26-495-0064,C6,3,30,0.9030898384247861,7.668318249687091,6.925,False,False,
D_rt0.2_d1.0_rep0,0.2,0.2058831460991553,1.0,0,201,10dB,26-495-0064,C7,4,10,0.9181335206858702,8.698087967526666,1.479,False,False,
D_rt0.2_d1.0_rep0,0.2,0.2058831460991553,1.0,0,201,10dB,26-495-0064,C8,4,20,0.9165310263598326,8.646074909860847,3.031,False,False,
D_rt0.2_d1.0_rep0,0.2,0.2058831460991553,1.0,0,201,10dB,26-495-0064,C9,4,30,0.915780900293823,8.65197120878266,7.488,False,False,
D_rt0.2_d1.0_rep1,0.2,0.2058831460991553,1.0,1,202,clean,5808-48608-0028,baseline,,,0.9926970755873967,18.0723493434624,,False,False,
D_rt0.2_d1.0_rep1,0.2,0.2058831460991553,1.0,1,202,clean,5808-48608-0028,C1,2,10,0.9446412641047252,6.966614923435921,1.597,False,False,
D_rt0.2_d1.0_rep1,0.2,0.2058831460991553,1.0,1,202,clean,5808-48608-0028,C2,2,20,0.9411020481208199,6.50882959191157,3.251,False,False,
D_rt0.2_d1.0_rep1,0.2,0.2058831460991553,1.0,1,202,clean,5808-48608-0028,C3,2,30,0.9394701890720161,6.164190302052286,9.465,False,False,
D_rt0.2_d1.0_rep1,0.2,0.2058831460991553,1.0,1,202,clean,5808-48608-0028,C4,3,10,0.9661987311153913,10.731714534179668,1.869,False,False,
D_rt0.2_d1.0_rep1,0.2,0.2058831460991553,1.0,1,202,clean,5808-48608-0028,C5,3,20,0.9645162013177964,10.543111601702243,3.301,False,False,
D_rt0.2_d1.0_rep1,0.2,0.2058831460991553,1.0,1,202,clean,5808-48608-0028,C6,3,30,0.9625509645065037,10.179410101448836,13.802,False,False,
D_rt0.2_d1.0_rep1,0.2,0.2058831460991553,1.0,1,202,clean,5808-48608-0028,C7,4,10,0.9805263888334703,13.282871515345969,1.586,False,False,
D_rt0.2_d1.0_rep1,0.2,0.2058831460991553,1.0,1,202,clean,5808-48608-0028,C8,4,20,0.9792501980582713,13.030444101828117,3.007,False,False,
D_rt0.2_d1.0_rep1,0.2,0.2058831460991553,1.0,1,202,clean,5808-48608-0028,C9,4,30,0.9784194396664402,12.782392610469532,8.046,False,False,
D_rt0.2_d1.0_rep1,0.2,0.2058831460991553,1.0,1,202,clean,1743-142912-0013,baseline,,,0.9958627785986067,19.01036386554813,,False,False,
D_rt0.2_d1.0_rep1,0.2,0.2058831460991553,1.0,1,202,clean,1743-142912-0013,C1,2,10,0.9635451278952045,7.67289964171069,1.3,False,False,
D_rt0.2_d1.0_rep1,0.2,0.2058831460991553,1.0,1,202,clean,1743-142912-0013,C2,2,20,0.9623202656269398,7.1399963410063,2.369,False,False,
D_rt0.2_d1.0_rep1,0.2,0.2058831460991553,1.0,1,202,clean,1743-142912-0013,C3,2,30,0.9602631823013897,6.715461649911908,6.203,False,False,
D_rt0.2_d1.0_rep1,0.2,0.2058831460991553,1.0,1,202,clean,1743-142912-0013,C4,3,10,0.9777842142558504,10.7711314887189,1.311,False,False,
D_rt0.2_d1.0_rep1,0.2,0.2058831460991553,1.0,1,202,clean,1743-142912-0013,C5,3,20,0.9762169399947324,10.553180360496459,2.33,False,False,
D_rt0.2_d1.0_rep1,0.2,0.2058831460991553,1.0,1,202,clean,1743-142912-0013,C6,3,30,0.9753123325165524,10.313534398314196,5.98,False,False,
D_rt0.2_d1.0_rep1,0.2,0.2058831460991553,1.0,1,202,clean,1743-142912-0013,C7,4,10,0.9876317944862812,15.087816417999251,1.323,False,False,
D_rt0.2_d1.0_rep1,0.2,0.2058831460991553,1.0,1,202,clean,1743-142912-0013,C8,4,20,0.9866047509646303,14.682284145201843,2.461,False,False,
D_rt0.2_d1.0_rep1,0.2,0.2058831460991553,1.0,1,202,clean,1743-142912-0013,C9,4,30,0.9856732362003188,14.069190108682017,6.988,False,False,
D_rt0.2_d1.0_rep1,0.2,0.2058831460991553,1.0,1,202,clean,1098-133695-0069,baseline,,,0.9966746207795169,21.02107446672457,,False,False,
D_rt0.2_d1.0_rep1,0.2,0.2058831460991553,1.0,1,202,clean,1098-133695-0069,C1,2,10,0.9516294777241533,8.826223020058755,1.477,False,False,
D_rt0.2_d1.0_rep1,0.2,0.2058831460991553,1.0,1,202,clean,1098-133695-0069,C2,2,20,0.9477337341757155,7.977121745423533,2.912,False,False,
D_rt0.2_d1.0_rep1,0.2,0.2058831460991553,1.0,1,202,clean,1098-133695-0069,C3,2,30,0.9465197780010669,7.514616402759304,7.726,False,False,
D_rt0.2_d1.0_rep1,0.2,0.2058831460991553,1.0,1,202,clean,1098-133695-0069,C4,3,10,0.9723922303267784,11.742299831523313,2.159,False,False,
D_rt0.2_d1.0_rep1,0.2,0.2058831460991553,1.0,1,202,clean,1098-133695-0069,C5,3,20,0.9698563135757268,11.545416063738607,3.356,False,False,
D_rt0.2_d1.0_rep1,0.2,0.2058831460991553,1.0,1,202,clean,1098-133695-0069,C6,3,30,0.9689325181238813,11.452589820134918,13.476,False,False,
D_rt0.2_d1.0_rep1,0.2,0.2058831460991553,1.0,1,202,clean,1098-133695-0069,C7,4,10,0.9850220883243556,14.936981527260386,1.454,False,False,
D_rt0.2_d1.0_rep1,0.2,0.2058831460991553,1.0,1,202,clean,1098-133695-0069,C8,4,20,0.9836262933861325,14.212699577065093,2.749,False,False,
D_rt0.2_d1.0_rep1,0.2,0.2058831460991553,1.0,1,202,clean,1098-133695-0069,C9,4,30,0.9827169103335734,13.764271177939111,7.226,False,False,
D_rt0.2_d1.0_rep1,0.2,0.2058831460991553,1.0,1,202,clean,6848-252323-0022,baseline,,,0.9935843804396,17.8584896643737,,False,False,
D_rt0.2_d1.0_rep1,0.2,0.2058831460991553,1.0,1,202,clean,6848-252323-0022,C1,2,10,0.9480723756306538,7.304520610121913,1.628,False,False,
D_rt0.2_d1.0_rep1,0.2,0.2058831460991553,1.0,1,202,clean,6848-252323-0022,C2,2,20,0.9429680854834793,6.498876092445207,3.176,False,False,
D_rt0.2_d1.0_rep1,0.2,0.2058831460991553,1.0,1,202,clean,6848-252323-0022,C3,2,30,0.9406274727549414,6.025254915402227,7.803,False,False,
D_rt0.2_d1.0_rep1,0.2,0.2058831460991553,1.0,1,202,clean,6848-252323-0022,C4,3,10,0.9662648262987784,10.556681251861676,2.61,False,False,
D_rt0.2_d1.0_rep1,0.2,0.2058831460991553,1.0,1,202,clean,6848-252323-0022,C5,3,20,0.9626998732674567,10.040187880674665,3.948,False,False,
D_rt0.2_d1.0_rep1,0.2,0.2058831460991553,1.0,1,202,clean,6848-252323-0022,C6,3,30,0.9618260755143865,9.862355148316396,7.748,False,False,
D_rt0.2_d1.0_rep1,0.2,0.2058831460991553,1.0,1,202,clean,6848-252323-0022,C7,4,10,0.981716778758669,13.657704170995986,1.57,False,False,
D_rt0.2_d1.0_rep1,0.2,0.2058831460991553,1.0,1,202,clean,6848-252323-0022,C8,4,20,0.9786101097906065,12.695078985345415,2.989,False,False,
D_rt0.2_d1.0_rep1,0.2,0.2058831460991553,1.0,1,202,clean,6848-252323-0022,C9,4,30,0.9771857185076892,12.319007645565597,6.911,False,False,
D_rt0.2_d1.0_rep1,0.2,0.2058831460991553,1.0,1,202,clean,2893-139310-0011,baseline,,,0.9931357911061909,19.56170747089762,,False,False,
D_rt0.2_d1.0_rep1,0.2,0.2058831460991553,1.0,1,202,clean,2893-139310-0011,C1,2,10,0.952756327447994,8.434846567038633,1.565,False,False,
D_rt0.2_d1.0_rep1,0.2,0.2058831460991553,1.0,1,202,clean,2893-139310-0011,C2,2,20,0.9502782546139722,7.7392017084701905,3.253,False,False,
D_rt0.2_d1.0_rep1,0.2,0.2058831460991553,1.0,1,202,clean,2893-139310-0011,C3,2,30,0.9497703468276458,7.413202380871678,7.389,False,False,
D_rt0.2_d1.0_rep1,0.2,0.2058831460991553,1.0,1,202,clean,2893-139310-0011,C4,3,10,0.9710351214445109,11.4938573485371,1.58,False,False,
D_rt0.2_d1.0_rep1,0.2,0.2058831460991553,1.0,1,202,clean,2893-139310-0011,C5,3,20,0.9685749714382602,11.15863934631763,2.955,False,False,
D_rt0.2_d1.0_rep1,0.2,0.2058831460991553,1.0,1,202,clean,2893-139310-0011,C6,3,30,0.9667368404208947,10.926474540354844,8.379,False,False,
D_rt0.2_d1.0_rep1,0.2,0.2058831460991553,1.0,1,202,clean,2893-139310-0011,C7,4,10,0.9832121259060426,14.327563001964101,1.595,False,False,
D_rt0.2_d1.0_rep1,0.2,0.2058831460991553,1.0,1,202,clean,2893-139310-0011,C8,4,20,0.9824001368058528,14.008408611604452,2.959,False,False,
D_rt0.2_d1.0_rep1,0.2,0.2058831460991553,1.0,1,202,clean,2893-139310-0011,C9,4,30,0.9813976793720476,13.758684768925631,7.139,False,False,
D_rt0.2_d1.0_rep1,0.2,0.2058831460991553,1.0,1,202,clean,26-495-0064,baseline,,,0.9947240199499833,19.68666748246285,,False,False,
D_rt0.2_d1.0_rep1,0.2,0.2058831460991553,1.0,1,202,clean,26-495-0064,C1,2,10,0.9532166580413061,7.739093911765329,1.532,False,False,
D_rt0.2_d1.0_rep1,0.2,0.2058831460991553,1.0,1,202,clean,26-495-0064,C2,2,20,0.9501896950520441,7.158557802477769,2.971,False,False,
D_rt0.2_d1.0_rep1,0.2,0.2058831460991553,1.0,1,202,clean,26-495-0064,C3,2,30,0.9477234469219444,6.775296188218652,7.569,False,False,
D_rt0.2_d1.0_rep1,0.2,0.2058831460991553,1.0,1,202,clean,26-495-0064,C4,3,10,0.9724575442595665,11.351564536215964,1.476,False,False,
D_rt0.2_d1.0_rep1,0.2,0.2058831460991553,1.0,1,202,clean,26-495-0064,C5,3,20,0.9700460597576963,10.9040313116015,2.908,False,False,
D_rt0.2_d1.0_rep1,0.2,0.2058831460991553,1.0,1,202,clean,26-495-0064,C6,3,30,0.9685986776973963,10.624367342377955,7.2,False,False,
D_rt0.2_d1.0_rep1,0.2,0.2058831460991553,1.0,1,202,clean,26-495-0064,C7,4,10,0.9862014468949648,14.672933658321558,1.458,False,False,
D_rt0.2_d1.0_rep1,0.2,0.2058831460991553,1.0,1,202,clean,26-495-0064,C8,4,20,0.9852829700789509,14.21293825656221,2.751,False,False,
D_rt0.2_d1.0_rep1,0.2,0.2058831460991553,1.0,1,202,clean,26-495-0064,C9,4,30,0.9840760581946923,13.901360757674867,7.06,False,False,
D_rt0.2_d1.0_rep1,0.2,0.2058831460991553,1.0,1,202,10dB,5808-48608-0028,baseline,,,0.8872261904775908,9.31541916087882,,False,False,
D_rt0.2_d1.0_rep1,0.2,0.2058831460991553,1.0,1,202,10dB,5808-48608-0028,C1,2,10,0.8530972550492308,6.210755833035778,1.647,False,False,
D_rt0.2_d1.0_rep1,0.2,0.2058831460991553,1.0,1,202,10dB,5808-48608-0028,C2,2,20,0.8510697688655705,6.144266053441829,3.118,False,False,
D_rt0.2_d1.0_rep1,0.2,0.2058831460991553,1.0,1,202,10dB,5808-48608-0028,C3,2,30,0.8507109001656039,6.1608924346580665,8.538,False,False,
D_rt0.2_d1.0_rep1,0.2,0.2058831460991553,1.0,1,202,10dB,5808-48608-0028,C4,3,10,0.8662873749045744,7.369549333145422,1.717,False,False,
D_rt0.2_d1.0_rep1,0.2,0.2058831460991553,1.0,1,202,10dB,5808-48608-0028,C5,3,20,0.864560323848188,7.351308164143608,3.236,False,False,
D_rt0.2_d1.0_rep1,0.2,0.2058831460991553,1.0,1,202,10dB,5808-48608-0028,C6,3,30,0.8640877856478631,7.373493702930545,7.445,False,False,
D_rt0.2_d1.0_rep1,0.2,0.2058831460991553,1.0,1,202,10dB,5808-48608-0028,C7,4,10,0.8783081975819643,8.428713044916512,1.84,False,False,
D_rt0.2_d1.0_rep1,0.2,0.2058831460991553,1.0,1,202,10dB,5808-48608-0028,C8,4,20,0.8766156410885136,8.389087706097282,3.501,False,False,
D_rt0.2_d1.0_rep1,0.2,0.2058831460991553,1.0,1,202,10dB,5808-48608-0028,C9,4,30,0.8760983346687723,8.410164684394548,7.096,False,False,
D_rt0.2_d1.0_rep1,0.2,0.2058831460991553,1.0,1,202,10dB,1743-142912-0013,baseline,,,0.9238088906665246,9.432950724576596,,False,False,
D_rt0.2_d1.0_rep1,0.2,0.2058831460991553,1.0,1,202,10dB,1743-142912-0013,C1,2,10,0.9010952124036387,6.7639308345033955,1.246,False,False,
D_rt0.2_d1.0_rep1,0.2,0.2058831460991553,1.0,1,202,10dB,1743-142912-0013,C2,2,20,0.9000150022816249,6.727509523987296,2.708,False,False,
D_rt0.2_d1.0_rep1,0.2,0.2058831460991553,1.0,1,202,10dB,1743-142912-0013,C3,2,30,0.8992562580825325,6.748084148826719,6.701,False,False,
D_rt0.2_d1.0_rep1,0.2,0.2058831460991553,1.0,1,202,10dB,1743-142912-0013,C4,3,10,0.9093015446024812,7.8094433045335325,1.457,False,False,
D_rt0.2_d1.0_rep1,0.2,0.2058831460991553,1.0,1,202,10dB,1743-142912-0013,C5,3,20,0.9083644131533369,7.816929127394418,2.536,False,False,
D_rt0.2_d1.0_rep1,0.2,0.2058831460991553,1.0,1,202,10dB,1743-142912-0013,C6,3,30,0.9076175728485225,7.850527908473285,7.88,False,False,
D_rt0.2_d1.0_rep1,0.2,0.2058831460991553,1.0,1,202,10dB,1743-142912-0013,C7,4,10,0.9174623045154321,8.915920543523699,1.256,False,False,
D_rt0.2_d1.0_rep1,0.2,0.2058831460991553,1.0,1,202,10dB,1743-142912-0013,C8,4,20,0.9168289873041078,8.94059016668864,2.535,False,False,
D_rt0.2_d1.0_rep1,0.2,0.2058831460991553,1.0,1,202,10dB,1743-142912-0013,C9,4,30,0.9165182162864216,8.991099718451474,6.08,False,False,
D_rt0.2_d1.0_rep1,0.2,0.2058831460991553,1.0,1,202,10dB,1098-133695-0069,baseline,,,0.8604617448078563,9.639502676248515,,False,False,
D_rt0.2_d1.0_rep1,0.2,0.2058831460991553,1.0,1,202,10dB,1098-133695-0069,C1,2,10,0.8325868807098856,7.091207239093392,1.681,False,False,
D_rt0.2_d1.0_rep1,0.2,0.2058831460991553,1.0,1,202,10dB,1098-133695-0069,C2,2,20,0.8311385459210009,7.0498672743408894,2.796,False,False,
D_rt0.2_d1.0_rep1,0.2,0.2058831460991553,1.0,1,202,10dB,1098-133695-0069,C3,2,30,0.8311668909869121,7.059179811514083,6.866,False,False,
D_rt0.2_d1.0_rep1,0.2,0.2058831460991553,1.0,1,202,10dB,1098-133695-0069,C4,3,10,0.843061890289561,7.986865005952084,1.641,False,False,
D_rt0.2_d1.0_rep1,0.2,0.2058831460991553,1.0,1,202,10dB,1098-133695-0069,C5,3,20,0.8419939638793271,7.930552055254346,3.036,False,False,
D_rt0.2_d1.0_rep1,0.2,0.2058831460991553,1.0,1,202,10dB,1098-133695-0069,C6,3,30,0.8418175117275374,7.961776243719551,8.762,False,False,
D_rt0.2_d1.0_rep1,0.2,0.2058831460991553,1.0,1,202,10dB,1098-133695-0069,C7,4,10,0.8517253300975066,8.871597395390593,2.362,False,False,
D_rt0.2_d1.0_rep1,0.2,0.2058831460991553,1.0,1,202,10dB,1098-133695-0069,C8,4,20,0.85121885543801,8.851161674800407,3.215,False,False,
D_rt0.2_d1.0_rep1,0.2,0.2058831460991553,1.0,1,202,10dB,1098-133695-0069,C9,4,30,0.8509944993788388,8.891819304055677,7.643,False,False,
D_rt0.2_d1.0_rep1,0.2,0.2058831460991553,1.0,1,202,10dB,6848-252323-0022,baseline,,,0.8318185252735838,9.279068172253817,,False,False,
D_rt0.2_d1.0_rep1,0.2,0.2058831460991553,1.0,1,202,10dB,6848-252323-0022,C1,2,10,0.7941163536673177,5.886465125458365,1.587,False,False,
D_rt0.2_d1.0_rep1,0.2,0.2058831460991553,1.0,1,202,10dB,6848-252323-0022,C2,2,20,0.7910302416766612,5.629359612169926,3.089,False,False,
D_rt0.2_d1.0_rep1,0.2,0.2058831460991553,1.0,1,202,10dB,6848-252323-0022,C3,2,30,0.789730880357666,5.620455989276353,10.556,False,False,
D_rt0.2_d1.0_rep1,0.2,0.2058831460991553,1.0,1,202,10dB,6848-252323-0022,C4,3,10,0.8091339241576766,6.833664521402484,1.605,False,False,
D_rt0.2_d1.0_rep1,0.2,0.2058831460991553,1.0,1,202,10dB,6848-252323-0022,C5,3,20,0.8073379765229761,6.7226313642791276,3.266,False,False,
D_rt0.2_d1.0_rep1,0.2,0.2058831460991553,1.0,1,202,10dB,6848-252323-0022,C6,3,30,0.8060133550095043,6.727803267114742,8.056,False,False,
D_rt0.2_d1.0_rep1,0.2,0.2058831460991553,1.0,1,202,10dB,6848-252323-0022,C7,4,10,0.8223712109525092,8.107042573704813,1.592,False,False,
D_rt0.2_d1.0_rep1,0.2,0.2058831460991553,1.0,1,202,10dB,6848-252323-0022,C8,4,20,0.8208127232107173,8.038002714035423,2.994,False,False,
D_rt0.2_d1.0_rep1,0.2,0.2058831460991553,1.0,1,202,10dB,6848-252323-0022,C9,4,30,0.8196764717340362,8.055260059352618,8.406,False,False,
D_rt0.2_d1.0_rep1,0.2,0.2058831460991553,1.0,1,202,10dB,2893-139310-0011,baseline,,,0.8904029054710602,9.495842638186392,,False,False,
D_rt0.2_d1.0_rep1,0.2,0.2058831460991553,1.0,1,202,10dB,2893-139310-0011,C1,2,10,0.8586144938912206,6.69235615685337,1.639,False,False,
D_rt0.2_d1.0_rep1,0.2,0.2058831460991553,1.0,1,202,10dB,2893-139310-0011,C2,2,20,0.8551547348052272,6.541997835183552,3.926,False,False,
D_rt0.2_d1.0_rep1,0.2,0.2058831460991553,1.0,1,202,10dB,2893-139310-0011,C3,2,30,0.8545063997908955,6.5751644351326135,15.236,False,False,
D_rt0.2_d1.0_rep1,0.2,0.2058831460991553,1.0,1,202,10dB,2893-139310-0011,C4,3,10,0.8713045386755505,7.702788825503236,1.688,False,False,
D_rt0.2_d1.0_rep1,0.2,0.2058831460991553,1.0,1,202,10dB,2893-139310-0011,C5,3,20,0.8686613720076651,7.575339321310249,3.214,False,False,
D_rt0.2_d1.0_rep1,0.2,0.2058831460991553,1.0,1,202,10dB,2893-139310-0011,C6,3,30,0.8682149542630025,7.606836771759795,8.473,False,False,
D_rt0.2_d1.0_rep1,0.2,0.2058831460991553,1.0,1,202,10dB,2893-139310-0011,C7,4,10,0.881870658673505,8.540631365424133,1.941,False,False,
D_rt0.2_d1.0_rep1,0.2,0.2058831460991553,1.0,1,202,10dB,2893-139310-0011,C8,4,20,0.8802005234963718,8.477106740490317,3.769,False,False,
D_rt0.2_d1.0_rep1,0.2,0.2058831460991553,1.0,1,202,10dB,2893-139310-0011,C9,4,30,0.8793718365215984,8.486289101650526,7.988,False,False,
D_rt0.2_d1.0_rep1,0.2,0.2058831460991553,1.0,1,202,10dB,26-495-0064,baseline,,,0.927851583065584,9.515193754542956,,False,False,
D_rt0.2_d1.0_rep1,0.2,0.2058831460991553,1.0,1,202,10dB,26-495-0064,C1,2,10,0.8957113836651245,6.40823337501049,1.54,False,False,
D_rt0.2_d1.0_rep1,0.2,0.2058831460991553,1.0,1,202,10dB,26-495-0064,C2,2,20,0.892657509541393,6.314089779319398,2.91,False,False,
D_rt0.2_d1.0_rep1,0.2,0.2058831460991553,1.0,1,202,10dB,26-495-0064,C3,2,30,0.8916734779982027,6.316023662675069,8.132,False,False,
D_rt0.2_d1.0_rep1,0.2,0.2058831460991553,1.0,1,202,10dB,26-495-0064,C4,3,10,0.9086626572589521,7.726363364008754,1.549,False,False,
D_rt0.2_d1.0_rep1,0.2,0.2058831460991553,1.0,1,202,10dB,26-495-0064,C5,3,20,0.9060419522232112,7.639496202273595,3.157,False,False,
D_rt0.2_d1.0_rep1,0.2,0.2058831460991553,1.0,1,202,10dB,26-495-0064,C6,3,30,0.9049456060181333,7.6541907185269284,7.575,False,False,
D_rt0.2_d1.0_rep1,0.2,0.2058831460991553,1.0,1,202,10dB,26-495-0064,C7,4,10,0.9198732359654188,8.670823053358394,1.6,False,False,
D_rt0.2_d1.0_rep1,0.2,0.2058831460991553,1.0,1,202,10dB,26-495-0064,C8,4,20,0.9182065024413516,8.617210619741453,3.191,False,False,
D_rt0.2_d1.0_rep1,0.2,0.2058831460991553,1.0,1,202,10dB,26-495-0064,C9,4,30,0.9169355653589443,8.631592998811245,7.583,False,False,
D_rt0.2_d2.5_rep0,0.2,0.20907817913172355,2.5,0,203,clean,5808-48608-0028,baseline,,,0.9910664713017258,18.48036986762637,,False,False,
D_rt0.2_d2.5_rep0,0.2,0.20907817913172355,2.5,0,203,clean,5808-48608-0028,C1,2,10,0.9201861466951586,6.685499465462908,1.697,False,False,
D_rt0.2_d2.5_rep0,0.2,0.20907817913172355,2.5,0,203,clean,5808-48608-0028,C2,2,20,0.9020471597723477,5.941182690714967,3.643,False,False,
D_rt0.2_d2.5_rep0,0.2,0.20907817913172355,2.5,0,203,clean,5808-48608-0028,C3,2,30,0.8957731587979024,5.586877382459314,9.002,False,False,
D_rt0.2_d2.5_rep0,0.2,0.20907817913172355,2.5,0,203,clean,5808-48608-0028,C4,3,10,0.9558925254203575,10.210674495117928,1.691,False,False,
D_rt0.2_d2.5_rep0,0.2,0.20907817913172355,2.5,0,203,clean,5808-48608-0028,C5,3,20,0.9445610664005859,8.736947787917627,3.632,False,False,
D_rt0.2_d2.5_rep0,0.2,0.20907817913172355,2.5,0,203,clean,5808-48608-0028,C6,3,30,0.9376650417919467,8.025888567269057,8.123,False,False,
D_rt0.2_d2.5_rep0,0.2,0.20907817913172355,2.5,0,203,clean,5808-48608-0028,C7,4,10,0.9821501958745799,14.693225987185778,1.655,False,False,
D_rt0.2_d2.5_rep0,0.2,0.20907817913172355,2.5,0,203,clean,5808-48608-0028,C8,4,20,0.9737507186739791,13.07103784243919,3.197,False,False,
D_rt0.2_d2.5_rep0,0.2,0.20907817913172355,2.5,0,203,clean,5808-48608-0028,C9,4,30,0.9700330118312801,12.189811473560203,7.998,False,False,
D_rt0.2_d2.5_rep0,0.2,0.20907817913172355,2.5,0,203,clean,1743-142912-0013,baseline,,,0.9928821962927477,18.75804672482843,,False,False,
D_rt0.2_d2.5_rep0,0.2,0.20907817913172355,2.5,0,203,clean,1743-142912-0013,C1,2,10,0.9376597466723925,5.299631881789192,1.233,False,False,
D_rt0.2_d2.5_rep0,0.2,0.20907817913172355,2.5,0,203,clean,1743-142912-0013,C2,2,20,0.923065620002721,4.070064991174664,2.477,False,False,
D_rt0.2_d2.5_rep0,0.2,0.20907817913172355,2.5,0,203,clean,1743-142912-0013,C3,2,30,0.9222455947260508,3.7486885062497444,6.36,False,False,
D_rt0.2_d2.5_rep0,0.2,0.20907817913172355,2.5,0,203,clean,1743-142912-0013,C4,3,10,0.9668672181706905,10.163522369520289,1.264,False,False,
D_rt0.2_d2.5_rep0,0.2,0.20907817913172355,2.5,0,203,clean,1743-142912-0013,C5,3,20,0.9581937977742047,8.992597113989483,2.447,False,False,
D_rt0.2_d2.5_rep0,0.2,0.20907817913172355,2.5,0,203,clean,1743-142912-0013,C6,3,30,0.9532893473286389,8.042318623418902,6.155,False,False,
D_rt0.2_d2.5_rep0,0.2,0.20907817913172355,2.5,0,203,clean,1743-142912-0013,C7,4,10,0.9840865740610524,14.710396995214621,1.433,False,False,
D_rt0.2_d2.5_rep0,0.2,0.20907817913172355,2.5,0,203,clean,1743-142912-0013,C8,4,20,0.9798559126994868,13.792849203938172,2.888,False,False,
D_rt0.2_d2.5_rep0,0.2,0.20907817913172355,2.5,0,203,clean,1743-142912-0013,C9,4,30,0.9772651317062819,13.086535214654846,6.522,False,False,
D_rt0.2_d2.5_rep0,0.2,0.20907817913172355,2.5,0,203,clean,1098-133695-0069,baseline,,,0.9889692205117884,19.122062155715213,,False,False,
D_rt0.2_d2.5_rep0,0.2,0.20907817913172355,2.5,0,203,clean,1098-133695-0069,C1,2,10,0.9146860448818255,6.508041084345938,1.592,False,False,
D_rt0.2_d2.5_rep0,0.2,0.20907817913172355,2.5,0,203,clean,1098-133695-0069,C2,2,20,0.9043301806130283,6.021042830151648,2.833,False,False,
D_rt0.2_d2.5_rep0,0.2,0.20907817913172355,2.5,0,203,clean,1098-133695-0069,C3,2,30,0.9025122564684285,5.888340968907039,7.402,False,False,
D_rt0.2_d2.5_rep0,0.2,0.20907817913172355,2.5,0,203,clean,1098-133695-0069,C4,3,10,0.9460283907590247,10.584622821448546,1.487,False,False,
D_rt0.2_d2.5_rep0,0.2,0.20907817913172355,2.5,0,203,clean,1098-133695-0069,C5,3,20,0.939073518729034,9.700423300427365,2.809,False,False,
D_rt0.2_d2.5_rep0,0.2,0.20907817913172355,2.5,0,203,clean,1098-133695-0069,C6,3,30,0.9352907580913771,9.14785139392473,7.198,False,False,
D_rt0.2_d2.5_rep0,0.2,0.20907817913172355,2.5,0,203,clean,1098-133695-0069,C7,4,10,0.9631797649899223,14.529279297391804,1.49,False,False,
D_rt0.2_d2.5_rep0,0.2,0.20907817913172355,2.5,0,203,clean,1098-133695-0069,C8,4,20,0.9584558589128667,13.201343033845284,2.839,False,False,
D_rt0.2_d2.5_rep0,0.2,0.20907817913172355,2.5,0,203,clean,1098-133695-0069,C9,4,30,0.9573360688966719,12.887097739693933,6.643,False,False,
D_rt0.2_d2.5_rep0,0.2,0.20907817913172355,2.5,0,203,clean,6848-252323-0022,baseline,,,0.9915327785713353,17.17728448963275,,False,False,
D_rt0.2_d2.5_rep0,0.2,0.20907817913172355,2.5,0,203,clean,6848-252323-0022,C1,2,10,0.9162629084524971,5.4543739867294185,1.587,False,False,
D_rt0.2_d2.5_rep0,0.2,0.20907817913172355,2.5,0,203,clean,6848-252323-0022,C2,2,20,0.8965649079082003,4.768912814412825,3.421,False,False,
D_rt0.2_d2.5_rep0,0.2,0.20907817913172355,2.5,0,203,clean,6848-252323-0022,C3,2,30,0.8924293528259208,4.516948457544602,7.023,False,False,
D_rt0.2_d2.5_rep0,0.2,0.20907817913172355,2.5,0,203,clean,6848-252323-0022,C4,3,10,0.9558726144688785,10.373700080295485,1.619,False,False,
D_rt0.2_d2.5_rep0,0.2,0.20907817913172355,2.5,0,203,clean,6848-252323-0022,C5,3,20,0.940745139813579,7.77708199588737,3.005,False,False,
D_rt0.2_d2.5_rep0,0.2,0.20907817913172355,2.5,0,203,clean,6848-252323-0022,C6,3,30,0.9368256675619074,7.344479598085492,7.148,False,False,
D_rt0.2_d2.5_rep0,0.2,0.20907817913172355,2.5,0,203,clean,6848-252323-0022,C7,4,10,0.9793661431074718,14.714646693179624,1.576,False,False,
D_rt0.2_d2.5_rep0,0.2,0.20907817913172355,2.5,0,203,clean,6848-252323-0022,C8,4,20,0.9716676977077504,12.564352061911542,3.014,False,False,
D_rt0.2_d2.5_rep0,0.2,0.20907817913172355,2.5,0,203,clean,6848-252323-0022,C9,4,30,0.9691645429089166,12.053059070703949,7.465,False,False,
D_rt0.2_d2.5_rep0,0.2,0.20907817913172355,2.5,0,203,clean,2893-139310-0011,baseline,,,0.9845595851205892,18.12281839245332,,False,False,
D_rt0.2_d2.5_rep0,0.2,0.20907817913172355,2.5,0,203,clean,2893-139310-0011,C1,2,10,0.9237687265645976,6.6277857149343795,1.621,False,False,
D_rt0.2_d2.5_rep0,0.2,0.20907817913172355,2.5,0,203,clean,2893-139310-0011,C2,2,20,0.9103095894024684,5.926278218090271,3.025,False,False,
D_rt0.2_d2.5_rep0,0.2,0.20907817913172355,2.5,0,203,clean,2893-139310-0011,C3,2,30,0.9058837851494865,5.531368251670388,7.804,False,False,
D_rt0.2_d2.5_rep0,0.2,0.20907817913172355,2.5,0,203,clean,2893-139310-0011,C4,3,10,0.9550269684512537,10.019294313035193,1.605,False,False,
D_rt0.2_d2.5_rep0,0.2,0.20907817913172355,2.5,0,203,clean,2893-139310-0011,C5,3,20,0.9444322745607575,8.714964677805572,3.721,False,False,
D_rt0.2_d2.5_rep0,0.2,0.20907817913172355,2.5,0,203,clean,2893-139310-0011,C6,3,30,0.9405188078483526,8.291230842792203,8.63,False,False,
D_rt0.2_d2.5_rep0,0.2,0.20907817913172355,2.5,0,203,clean,2893-139310-0011,C7,4,10,0.9707288102513828,14.065918529958399,1.839,False,False,
D_rt0.2_d2.5_rep0,0.2,0.20907817913172355,2.5,0,203,clean,2893-139310-0011,C8,4,20,0.9661368700102122,12.442479170715607,3.368,False,False,
D_rt0.2_d2.5_rep0,0.2,0.20907817913172355,2.5,0,203,clean,2893-139310-0011,C9,4,30,0.9641506510643024,11.935477409989483,9.079,False,False,
D_rt0.2_d2.5_rep0,0.2,0.20907817913172355,2.5,0,203,clean,26-495-0064,baseline,,,0.9916018719292741,18.446969213101823,,False,False,
D_rt0.2_d2.5_rep0,0.2,0.20907817913172355,2.5,0,203,clean,26-495-0064,C1,2,10,0.9290053634691985,5.192314643317641,1.73,False,False,
D_rt0.2_d2.5_rep0,0.2,0.20907817913172355,2.5,0,203,clean,26-495-0064,C2,2,20,0.9240481075161947,4.546073967670096,2.983,False,False,
D_rt0.2_d2.5_rep0,0.2,0.20907817913172355,2.5,0,203,clean,26-495-0064,C3,2,30,0.9204187574525996,4.221772924020418,7.107,False,False,
D_rt0.2_d2.5_rep0,0.2,0.20907817913172355,2.5,0,203,clean,26-495-0064,C4,3,10,0.9614641332919046,9.440395370059282,1.483,False,False,
D_rt0.2_d2.5_rep0,0.2,0.20907817913172355,2.5,0,203,clean,26-495-0064,C5,3,20,0.9522346380482716,7.927799604698161,3.043,False,False,
D_rt0.2_d2.5_rep0,0.2,0.20907817913172355,2.5,0,203,clean,26-495-0064,C6,3,30,0.9467252881223592,7.329576883472883,6.635,False,False,
D_rt0.2_d2.5_rep0,0.2,0.20907817913172355,2.5,0,203,clean,26-495-0064,C7,4,10,0.9803840085797293,13.257739712376043,1.49,False,False,
D_rt0.2_d2.5_rep0,0.2,0.20907817913172355,2.5,0,203,clean,26-495-0064,C8,4,20,0.9741523334434068,11.851930769704161,2.82,False,False,
D_rt0.2_d2.5_rep0,0.2,0.20907817913172355,2.5,0,203,clean,26-495-0064,C9,4,30,0.9715440951284388,11.356094457656479,7.219,False,False,
D_rt0.2_d2.5_rep0,0.2,0.20907817913172355,2.5,0,203,10dB,5808-48608-0028,baseline,,,0.8701826938508597,9.367332783097469,,False,False,
D_rt0.2_d2.5_rep0,0.2,0.20907817913172355,2.5,0,203,10dB,5808-48608-0028,C1,2,10,0.8247816544819129,5.744616302785918,1.624,False,False,
D_rt0.2_d2.5_rep0,0.2,0.20907817913172355,2.5,0,203,10dB,5808-48608-0028,C2,2,20,0.8236083433554319,5.5295459212423745,3.041,False,False,
D_rt0.2_d2.5_rep0,0.2,0.20907817913172355,2.5,0,203,10dB,5808-48608-0028,C3,2,30,0.8238485750989063,5.547818347862632,7.498,False,False,
D_rt0.2_d2.5_rep0,0.2,0.20907817913172355,2.5,0,203,10dB,5808-48608-0028,C4,3,10,0.8484940679112267,7.280619609109474,1.596,False,False,
D_rt0.2_d2.5_rep0,0.2,0.20907817913172355,2.5,0,203,10dB,5808-48608-0028,C5,3,20,0.8485782173082148,7.132875456277528,3.052,False,False,
D_rt0.2_d2.5_rep0,0.2,0.20907817913172355,2.5,0,203,10dB,5808-48608-0028,C6,3,30,0.8484215359626249,7.181039239712275,7.103,False,False,
D_rt0.2_d2.5_rep0,0.2,0.20907817913172355,2.5,0,203,10dB,5808-48608-0028,C7,4,10,0.8641156493343372,8.88063358460406,1.617,False,False,
D_rt0.2_d2.5_rep0,0.2,0.20907817913172355,2.5,0,203,10dB,5808-48608-0028,C8,4,20,0.8647912355914149,8.87831418489583,3.15,False,False,
D_rt0.2_d2.5_rep0,0.2,0.20907817913172355,2.5,0,203,10dB,5808-48608-0028,C9,4,30,0.8642923004772147,8.915706511251035,7.106,False,False,
D_rt0.2_d2.5_rep0,0.2,0.20907817913172355,2.5,0,203,10dB,1743-142912-0013,baseline,,,0.9065387384376605,9.385233659042084,,False,False,
D_rt0.2_d2.5_rep0,0.2,0.20907817913172355,2.5,0,203,10dB,1743-142912-0013,C1,2,10,0.8732948676226607,6.005968500339218,1.243,False,False,
D_rt0.2_d2.5_rep0,0.2,0.20907817913172355,2.5,0,203,10dB,1743-142912-0013,C2,2,20,0.8720799133790562,5.903441707378574,2.477,False,False,
D_rt0.2_d2.5_rep0,0.2,0.20907817913172355,2.5,0,203,10dB,1743-142912-0013,C3,2,30,0.8720333209914423,5.900213637006431,6.306,False,False,
D_rt0.2_d2.5_rep0,0.2,0.20907817913172355,2.5,0,203,10dB,1743-142912-0013,C4,3,10,0.8891917999014175,7.6799418619313675,1.261,False,False,
D_rt0.2_d2.5_rep0,0.2,0.20907817913172355,2.5,0,203,10dB,1743-142912-0013,C5,3,20,0.8890411077471326,7.621721890584937,2.394,False,False,
D_rt0.2_d2.5_rep0,0.2,0.20907817913172355,2.5,0,203,10dB,1743-142912-0013,C6,3,30,0.8891250879241198,7.629431332220861,6.787,False,False,
D_rt0.2_d2.5_rep0,0.2,0.20907817913172355,2.5,0,203,10dB,1743-142912-0013,C7,4,10,0.8992069355981661,8.924338279861718,1.261,False,False,
D_rt0.2_d2.5_rep0,0.2,0.20907817913172355,2.5,0,203,10dB,1743-142912-0013,C8,4,20,0.8992474568794663,8.921072866090189,2.389,False,False,
D_rt0.2_d2.5_rep0,0.2,0.20907817913172355,2.5,0,203,10dB,1743-142912-0013,C9,4,30,0.899192720425669,8.954280820549824,6.024,False,False,
D_rt0.2_d2.5_rep0,0.2,0.20907817913172355,2.5,0,203,10dB,1098-133695-0069,baseline,,,0.8588246209851453,9.452466855963879,,False,False,
D_rt0.2_d2.5_rep0,0.2,0.20907817913172355,2.5,0,203,10dB,1098-133695-0069,C1,2,10,0.8217288675953975,6.889212143266402,1.46,False,False,
D_rt0.2_d2.5_rep0,0.2,0.20907817913172355,2.5,0,203,10dB,1098-133695-0069,C2,2,20,0.8173039448819486,6.734372383528244,2.918,False,False,
D_rt0.2_d2.5_rep0,0.2,0.20907817913172355,2.5,0,203,10dB,1098-133695-0069,C3,2,30,0.8187665727704073,6.7647865911990674,6.73,False,False,
D_rt0.2_d2.5_rep0,0.2,0.20907817913172355,2.5,0,203,10dB,1098-133695-0069,C4,3,10,0.8344469527027087,7.899407568654144,1.492,False,False,
D_rt0.2_d2.5_rep0,0.2,0.20907817913172355,2.5,0,203,10dB,1098-133695-0069,C5,3,20,0.831249339465263,7.830171731326199,2.802,False,False,
D_rt0.2_d2.5_rep0,0.2,0.20907817913172355,2.5,0,203,10dB,1098-133695-0069,C6,3,30,0.83268499825222,7.852733676119041,7.191,False,False,
D_rt0.2_d2.5_rep0,0.2,0.20907817913172355,2.5,0,203,10dB,1098-133695-0069,C7,4,10,0.8438443778994553,8.866472291312263,1.519,False,False,
D_rt0.2_d2.5_rep0,0.2,0.20907817913172355,2.5,0,203,10dB,1098-133695-0069,C8,4,20,0.8418617039420838,8.863646843827196,2.812,False,False,
D_rt0.2_d2.5_rep0,0.2,0.20907817913172355,2.5,0,203,10dB,1098-133695-0069,C9,4,30,0.8431772186767302,8.89850828232314,6.721,False,False,
D_rt0.2_d2.5_rep0,0.2,0.20907817913172355,2.5,0,203,10dB,6848-252323-0022,baseline,,,0.8276536570629288,9.17614329267369,,False,False,
D_rt0.2_d2.5_rep0,0.2,0.20907817913172355,2.5,0,203,10dB,6848-252323-0022,C1,2,10,0.7897750711386453,5.598071439657659,1.607,False,False,
D_rt0.2_d2.5_rep0,0.2,0.20907817913172355,2.5,0,203,10dB,6848-252323-0022,C2,2,20,0.787914458010088,5.438782689978635,3.013,False,False,
D_rt0.2_d2.5_rep0,0.2,0.20907817913172355,2.5,0,203,10dB,6848-252323-0022,C3,2,30,0.7880223957201772,5.372584657689483,6.963,False,False,
D_rt0.2_d2.5_rep0,0.2,0.20907817913172355,2.5,0,203,10dB,6848-252323-0022,C4,3,10,0.8106603116047059,7.61874409016039,1.575,False,False,
D_rt0.2_d2.5_rep0,0.2,0.20907817913172355,2.5,0,203,10dB,6848-252323-0022,C5,3,20,0.8090884353194719,7.507555339150546,3.097,False,False,
D_rt0.2_d2.5_rep0,0.2,0.20907817913172355,2.5,0,203,10dB,6848-252323-0022,C6,3,30,0.8098431663081554,7.521323760451511,6.959,False,False,
D_rt0.2_d2.5_rep0,0.2,0.20907817913172355,2.5,0,203,10dB,6848-252323-0022,C7,4,10,0.822845293157678,8.791511126860382,1.584,False,False,
D_rt0.2_d2.5_rep0,0.2,0.20907817913172355,2.5,0,203,10dB,6848-252323-0022,C8,4,20,0.8220538258500789,8.791455624711318,3.0,False,False,
D_rt0.2_d2.5_rep0,0.2,0.20907817913172355,2.5,0,203,10dB,6848-252323-0022,C9,4,30,0.822574724442142,8.828311758463126,7.635,False,False,
D_rt0.2_d2.5_rep0,0.2,0.20907817913172355,2.5,0,203,10dB,2893-139310-0011,baseline,,,0.8753891704885055,9.310636377352866,,False,False,
D_rt0.2_d2.5_rep0,0.2,0.20907817913172355,2.5,0,203,10dB,2893-139310-0011,C1,2,10,0.8419940517511798,6.385627264807945,1.646,False,False,
D_rt0.2_d2.5_rep0,0.2,0.20907817913172355,2.5,0,203,10dB,2893-139310-0011,C2,2,20,0.8396593353425563,6.249050210956774,3.694,False,False,
D_rt0.2_d2.5_rep0,0.2,0.20907817913172355,2.5,0,203,10dB,2893-139310-0011,C3,2,30,0.8393379256772393,6.265876480666814,7.661,False,False,
D_rt0.2_d2.5_rep0,0.2,0.20907817913172355,2.5,0,203,10dB,2893-139310-0011,C4,3,10,0.8509301931674466,7.321937793299509,1.604,False,False,
D_rt0.2_d2.5_rep0,0.2,0.20907817913172355,2.5,0,203,10dB,2893-139310-0011,C5,3,20,0.8499178568098891,7.233878756658649,3.075,False,False,
D_rt0.2_d2.5_rep0,0.2,0.20907817913172355,2.5,0,203,10dB,2893-139310-0011,C6,3,30,0.8494670845118895,7.262779478809339,7.838,False,False,
D_rt0.2_d2.5_rep0,0.2,0.20907817913172355,2.5,0,203,10dB,2893-139310-0011,C7,4,10,0.8641821951351355,8.630164240709243,1.62,False,False,
D_rt0.2_d2.5_rep0,0.2,0.20907817913172355,2.5,0,203,10dB,2893-139310-0011,C8,4,20,0.8629837430970312,8.608258501207484,3.053,False,False,
D_rt0.2_d2.5_rep0,0.2,0.20907817913172355,2.5,0,203,10dB,2893-139310-0011,C9,4,30,0.8632887336669453,8.64755883371336,7.205,False,False,
D_rt0.2_d2.5_rep0,0.2,0.20907817913172355,2.5,0,203,10dB,26-495-0064,baseline,,,0.9228076261997902,9.361764976564803,,False,False,
D_rt0.2_d2.5_rep0,0.2,0.20907817913172355,2.5,0,203,10dB,26-495-0064,C1,2,10,0.8818775675433416,5.706809279695904,1.467,False,False,
D_rt0.2_d2.5_rep0,0.2,0.20907817913172355,2.5,0,203,10dB,26-495-0064,C2,2,20,0.8806596948200186,5.607262310502467,2.913,False,False,
D_rt0.2_d2.5_rep0,0.2,0.20907817913172355,2.5,0,203,10dB,26-495-0064,C3,2,30,0.8802234067019532,5.6255868174228105,6.632,False,False,
D_rt0.2_d2.5_rep0,0.2,0.20907817913172355,2.5,0,203,10dB,26-495-0064,C4,3,10,0.9014513138005246,7.621467785822809,1.464,False,False,
D_rt0.2_d2.5_rep0,0.2,0.20907817913172355,2.5,0,203,10dB,26-495-0064,C5,3,20,0.9008675008362753,7.5615126722851125,2.775,False,False,
D_rt0.2_d2.5_rep0,0.2,0.20907817913172355,2.5,0,203,10dB,26-495-0064,C6,3,30,0.9002858577129351,7.574522524398736,7.252,False,False,
D_rt0.2_d2.5_rep0,0.2,0.20907817913172355,2.5,0,203,10dB,26-495-0064,C7,4,10,0.9128376535968327,8.680439581182807,1.485,False,False,
D_rt0.2_d2.5_rep0,0.2,0.20907817913172355,2.5,0,203,10dB,26-495-0064,C8,4,20,0.913021255149621,8.675103423572846,2.807,False,False,
D_rt0.2_d2.5_rep0,0.2,0.20907817913172355,2.5,0,203,10dB,26-495-0064,C9,4,30,0.9124104408113233,8.700021864046633,6.863,False,False,
D_rt0.2_d2.5_rep1,0.2,0.20907817913172355,2.5,1,204,clean,5808-48608-0028,baseline,,,0.9910664713017258,18.48036986762637,,False,False,
D_rt0.2_d2.5_rep1,0.2,0.20907817913172355,2.5,1,204,clean,5808-48608-0028,C1,2,10,0.9201861466951586,6.685499465462908,1.61,False,False,
D_rt0.2_d2.5_rep1,0.2,0.20907817913172355,2.5,1,204,clean,5808-48608-0028,C2,2,20,0.9020471597723477,5.941182690714967,3.091,False,False,
D_rt0.2_d2.5_rep1,0.2,0.20907817913172355,2.5,1,204,clean,5808-48608-0028,C3,2,30,0.8957731587979024,5.586877382459314,7.059,False,False,
D_rt0.2_d2.5_rep1,0.2,0.20907817913172355,2.5,1,204,clean,5808-48608-0028,C4,3,10,0.9558925254203575,10.210674495117928,1.773,False,False,
D_rt0.2_d2.5_rep1,0.2,0.20907817913172355,2.5,1,204,clean,5808-48608-0028,C5,3,20,0.9445610664005859,8.736947787917627,3.036,False,False,
D_rt0.2_d2.5_rep1,0.2,0.20907817913172355,2.5,1,204,clean,5808-48608-0028,C6,3,30,0.9376650417919467,8.025888567269057,7.128,False,False,
D_rt0.2_d2.5_rep1,0.2,0.20907817913172355,2.5,1,204,clean,5808-48608-0028,C7,4,10,0.9821501958745799,14.693225987185778,1.605,False,False,
D_rt0.2_d2.5_rep1,0.2,0.20907817913172355,2.5,1,204,clean,5808-48608-0028,C8,4,20,0.9737507186739791,13.07103784243919,3.206,False,False,
D_rt0.2_d2.5_rep1,0.2,0.20907817913172355,2.5,1,204,clean,5808-48608-0028,C9,4,30,0.9700330118312801,12.189811473560203,6.99,False,False,
D_rt0.2_d2.5_rep1,0.2,0.20907817913172355,2.5,1,204,clean,1743-142912-0013,baseline,,,0.9928821962927477,18.75804672482843,,False,False,
D_rt0.2_d2.5_rep1,0.2,0.20907817913172355,2.5,1,204,clean,1743-142912-0013,C1,2,10,0.9376597466723925,5.299631881789192,1.258,False,False,
D_rt0.2_d2.5_rep1,0.2,0.20907817913172355,2.5,1,204,clean,1743-142912-0013,C2,2,20,0.923065620002721,4.070064991174664,2.393,False,False,
D_rt0.2_d2.5_rep1,0.2,0.20907817913172355,2.5,1,204,clean,1743-142912-0013,C3,2,30,0.9222455947260508,3.7486885062497444,6.913,False,False,
D_rt0.2_d2.5_rep1,0.2,0.20907817913172355,2.5,1,204,clean,1743-142912-0013,C4,3,10,0.9668672181706905,10.163522369520289,1.259,False,False,
D_rt0.2_d2.5_rep1,0.2,0.20907817913172355,2.5,1,204,clean,1743-142912-0013,C5,3,20,0.9581937977742047,8.992597113989483,2.721,False,False,
D_rt0.2_d2.5_rep1,0.2,0.20907817913172355,2.5,1,204,clean,1743-142912-0013,C6,3,30,0.9532893473286389,8.042318623418902,6.054,False,False,
D_rt0.2_d2.5_rep1,0.2,0.20907817913172355,2.5,1,204,clean,1743-142912-0013,C7,4,10,0.9840865740610524,14.710396995214621,1.294,False,False,
D_rt0.2_d2.5_rep1,0.2,0.20907817913172355,2.5,1,204,clean,1743-142912-0013,C8,4,20,0.9798559126994868,13.792849203938172,2.557,False,False,
D_rt0.2_d2.5_rep1,0.2,0.20907817913172355,2.5,1,204,clean,1743-142912-0013,C9,4,30,0.9772651317062819,13.086535214654846,6.192,False,False,
D_rt0.2_d2.5_rep1,0.2,0.20907817913172355,2.5,1,204,clean,1098-133695-0069,baseline,,,0.9889692205117884,19.122062155715213,,False,False,
D_rt0.2_d2.5_rep1,0.2,0.20907817913172355,2.5,1,204,clean,1098-133695-0069,C1,2,10,0.9146860448818255,6.508041084345938,1.475,False,False,
D_rt0.2_d2.5_rep1,0.2,0.20907817913172355,2.5,1,204,clean,1098-133695-0069,C2,2,20,0.9043301806130283,6.021042830151648,2.906,False,False,
D_rt0.2_d2.5_rep1,0.2,0.20907817913172355,2.5,1,204,clean,1098-133695-0069,C3,2,30,0.9025122564684285,5.888340968907039,9.598,False,False,
D_rt0.2_d2.5_rep1,0.2,0.20907817913172355,2.5,1,204,clean,1098-133695-0069,C4,3,10,0.9460283907590247,10.584622821448546,1.503,False,False,
D_rt0.2_d2.5_rep1,0.2,0.20907817913172355,2.5,1,204,clean,1098-133695-0069,C5,3,20,0.939073518729034,9.700423300427365,2.83,False,False,
D_rt0.2_d2.5_rep1,0.2,0.20907817913172355,2.5,1,204,clean,1098-133695-0069,C6,3,30,0.9352907580913771,9.14785139392473,7.157,False,False,
D_rt0.2_d2.5_rep1,0.2,0.20907817913172355,2.5,1,204,clean,1098-133695-0069,C7,4,10,0.9631797649899223,14.529279297391804,1.487,False,False,
D_rt0.2_d2.5_rep1,0.2,0.20907817913172355,2.5,1,204,clean,1098-133695-0069,C8,4,20,0.9584558589128667,13.201343033845284,2.805,False,False,
D_rt0.2_d2.5_rep1,0.2,0.20907817913172355,2.5,1,204,clean,1098-133695-0069,C9,4,30,0.9573360688966719,12.887097739693933,6.846,False,False,
D_rt0.2_d2.5_rep1,0.2,0.20907817913172355,2.5,1,204,clean,6848-252323-0022,baseline,,,0.9915327785713353,17.17728448963275,,False,False,
D_rt0.2_d2.5_rep1,0.2,0.20907817913172355,2.5,1,204,clean,6848-252323-0022,C1,2,10,0.9162629084524971,5.4543739867294185,1.661,False,False,
D_rt0.2_d2.5_rep1,0.2,0.20907817913172355,2.5,1,204,clean,6848-252323-0022,C2,2,20,0.8965649079082003,4.768912814412825,3.009,False,False,
D_rt0.2_d2.5_rep1,0.2,0.20907817913172355,2.5,1,204,clean,6848-252323-0022,C3,2,30,0.8924293528259208,4.516948457544602,7.169,False,False,
D_rt0.2_d2.5_rep1,0.2,0.20907817913172355,2.5,1,204,clean,6848-252323-0022,C4,3,10,0.9558726144688785,10.373700080295485,1.575,False,False,
D_rt0.2_d2.5_rep1,0.2,0.20907817913172355,2.5,1,204,clean,6848-252323-0022,C5,3,20,0.940745139813579,7.77708199588737,3.114,False,False,
D_rt0.2_d2.5_rep1,0.2,0.20907817913172355,2.5,1,204,clean,6848-252323-0022,C6,3,30,0.9368256675619074,7.344479598085492,6.999,False,False,
D_rt0.2_d2.5_rep1,0.2,0.20907817913172355,2.5,1,204,clean,6848-252323-0022,C7,4,10,0.9793661431074718,14.714646693179624,1.583,False,False,
D_rt0.2_d2.5_rep1,0.2,0.20907817913172355,2.5,1,204,clean,6848-252323-0022,C8,4,20,0.9716676977077504,12.564352061911542,3.01,False,False,
D_rt0.2_d2.5_rep1,0.2,0.20907817913172355,2.5,1,204,clean,6848-252323-0022,C9,4,30,0.9691645429089166,12.053059070703949,7.777,False,False,
D_rt0.2_d2.5_rep1,0.2,0.20907817913172355,2.5,1,204,clean,2893-139310-0011,baseline,,,0.9845595851205892,18.12281839245332,,False,False,
D_rt0.2_d2.5_rep1,0.2,0.20907817913172355,2.5,1,204,clean,2893-139310-0011,C1,2,10,0.9237687265645976,6.6277857149343795,1.617,False,False,
D_rt0.2_d2.5_rep1,0.2,0.20907817913172355,2.5,1,204,clean,2893-139310-0011,C2,2,20,0.9103095894024684,5.926278218090271,3.035,False,False,
D_rt0.2_d2.5_rep1,0.2,0.20907817913172355,2.5,1,204,clean,2893-139310-0011,C3,2,30,0.9058837851494865,5.531368251670388,7.177,False,False,
D_rt0.2_d2.5_rep1,0.2,0.20907817913172355,2.5,1,204,clean,2893-139310-0011,C4,3,10,0.9550269684512537,10.019294313035193,1.592,False,False,
D_rt0.2_d2.5_rep1,0.2,0.20907817913172355,2.5,1,204,clean,2893-139310-0011,C5,3,20,0.9444322745607575,8.714964677805572,3.031,False,False,
D_rt0.2_d2.5_rep1,0.2,0.20907817913172355,2.5,1,204,clean,2893-139310-0011,C6,3,30,0.9405188078483526,8.291230842792203,7.103,False,False,
D_rt0.2_d2.5_rep1,0.2,0.20907817913172355,2.5,1,204,clean,2893-139310-0011,C7,4,10,0.9707288102513828,14.065918529958399,1.7,False,False,
D_rt0.2_d2.5_rep1,0.2,0.20907817913172355,2.5,1,204,clean,2893-139310-0011,C8,4,20,0.9661368700102122,12.442479170715607,3.043,False,False,
D_rt0.2_d2.5_rep1,0.2,0.20907817913172355,2.5,1,204,clean,2893-139310-0011,C9,4,30,0.9641506510643024,11.935477409989483,6.98,False,False,
D_rt0.2_d2.5_rep1,0.2,0.20907817913172355,2.5,1,204,clean,26-495-0064,baseline,,,0.9916018719292741,18.446969213101823,,False,False,
D_rt0.2_d2.5_rep1,0.2,0.20907817913172355,2.5,1,204,clean,26-495-0064,C1,2,10,0.9290053634691985,5.192314643317641,1.515,False,False,
D_rt0.2_d2.5_rep1,0.2,0.20907817913172355,2.5,1,204,clean,26-495-0064,C2,2,20,0.9240481075161947,4.546073967670096,2.949,False,False,
D_rt0.2_d2.5_rep1,0.2,0.20907817913172355,2.5,1,204,clean,26-495-0064,C3,2,30,0.9204187574525996,4.221772924020418,6.639,False,False,
D_rt0.2_d2.5_rep1,0.2,0.20907817913172355,2.5,1,204,clean,26-495-0064,C4,3,10,0.9614641332919046,9.440395370059282,1.466,False,False,
D_rt0.2_d2.5_rep1,0.2,0.20907817913172355,2.5,1,204,clean,26-495-0064,C5,3,20,0.9522346380482716,7.927799604698161,2.8,False,False,
D_rt0.2_d2.5_rep1,0.2,0.20907817913172355,2.5,1,204,clean,26-495-0064,C6,3,30,0.9467252881223592,7.329576883472883,6.786,False,False,
D_rt0.2_d2.5_rep1,0.2,0.20907817913172355,2.5,1,204,clean,26-495-0064,C7,4,10,0.9803840085797293,13.257739712376043,1.489,False,False,
D_rt0.2_d2.5_rep1,0.2,0.20907817913172355,2.5,1,204,clean,26-495-0064,C8,4,20,0.9741523334434068,11.851930769704161,2.779,False,False,
D_rt0.2_d2.5_rep1,0.2,0.20907817913172355,2.5,1,204,clean,26-495-0064,C9,4,30,0.9715440951284388,11.356094457656479,6.673,False,False,
D_rt0.2_d2.5_rep1,0.2,0.20907817913172355,2.5,1,204,10dB,5808-48608-0028,baseline,,,0.8699643777644133,9.385645148098014,,False,False,
D_rt0.2_d2.5_rep1,0.2,0.20907817913172355,2.5,1,204,10dB,5808-48608-0028,C1,2,10,0.8268532779502233,5.772963775966863,1.688,False,False,
D_rt0.2_d2.5_rep1,0.2,0.20907817913172355,2.5,1,204,10dB,5808-48608-0028,C2,2,20,0.8251491712834914,5.57532272101977,3.031,False,False,
D_rt0.2_d2.5_rep1,0.2,0.20907817913172355,2.5,1,204,10dB,5808-48608-0028,C3,2,30,0.8252562173351556,5.540656404034553,7.23,False,False,
D_rt0.2_d2.5_rep1,0.2,0.20907817913172355,2.5,1,204,10dB,5808-48608-0028,C4,3,10,0.8493277617365366,7.308720718350473,1.6,False,False,
D_rt0.2_d2.5_rep1,0.2,0.20907817913172355,2.5,1,204,10dB,5808-48608-0028,C5,3,20,0.8485935628740837,7.164315528807522,3.136,False,False,
D_rt0.2_d2.5_rep1,0.2,0.20907817913172355,2.5,1,204,10dB,5808-48608-0028,C6,3,30,0.848725911725912,7.181151509076642,7.103,False,False,
D_rt0.2_d2.5_rep1,0.2,0.20907817913172355,2.5,1,204,10dB,5808-48608-0028,C7,4,10,0.8637635459566063,8.881582086549175,1.603,False,False,
D_rt0.2_d2.5_rep1,0.2,0.20907817913172355,2.5,1,204,10dB,5808-48608-0028,C8,4,20,0.863614877377056,8.898822914336558,3.065,False,False,
D_rt0.2_d2.5_rep1,0.2,0.20907817913172355,2.5,1,204,10dB,5808-48608-0028,C9,4,30,0.8637839248607362,8.93270510535347,7.1,False,False,
D_rt0.2_d2.5_rep1,0.2,0.20907817913172355,2.5,1,204,10dB,1743-142912-0013,baseline,,,0.9083517002919267,9.40501348130614,,False,False,
D_rt0.2_d2.5_rep1,0.2,0.20907817913172355,2.5,1,204,10dB,1743-142912-0013,C1,2,10,0.8771065871362032,5.974382469220487,1.247,False,False,
D_rt0.2_d2.5_rep1,0.2,0.20907817913172355,2.5,1,204,10dB,1743-142912-0013,C2,2,20,0.8754596722447113,5.877815846684787,2.434,False,False,
D_rt0.2_d2.5_rep1,0.2,0.20907817913172355,2.5,1,204,10dB,1743-142912-0013,C3,2,30,0.8760847289704836,5.885627179690469,6.804,False,False,
D_rt0.2_d2.5_rep1,0.2,0.20907817913172355,2.5,1,204,10dB,1743-142912-0013,C4,3,10,0.8920436260558817,7.694578076146401,1.255,False,False,
D_rt0.2_d2.5_rep1,0.2,0.20907817913172355,2.5,1,204,10dB,1743-142912-0013,C5,3,20,0.8911005784334975,7.630055157696356,2.388,False,False,
D_rt0.2_d2.5_rep1,0.2,0.20907817913172355,2.5,1,204,10dB,1743-142912-0013,C6,3,30,0.8917033092524813,7.654415781504795,6.128,False,False,
D_rt0.2_d2.5_rep1,0.2,0.20907817913172355,2.5,1,204,10dB,1743-142912-0013,C7,4,10,0.9015097719616694,8.943432389603759,1.25,False,False,
D_rt0.2_d2.5_rep1,0.2,0.20907817913172355,2.5,1,204,10dB,1743-142912-0013,C8,4,20,0.9011149781801968,8.946353868932606,2.436,False,False,
D_rt0.2_d2.5_rep1,0.2,0.20907817913172355,2.5,1,204,10dB,1743-142912-0013,C9,4,30,0.9015162395767417,8.987450984681507,6.258,False,False,
D_rt0.2_d2.5_rep1,0.2,0.20907817913172355,2.5,1,204,10dB,1098-133695-0069,baseline,,,0.8542627812609113,9.442970100449026,,False,False,
D_rt0.2_d2.5_rep1,0.2,0.20907817913172355,2.5,1,204,10dB,1098-133695-0069,C1,2,10,0.8162149481199468,6.888548616927917,1.475,False,False,
D_rt0.2_d2.5_rep1,0.2,0.20907817913172355,2.5,1,204,10dB,1098-133695-0069,C2,2,20,0.8145074491928571,6.750577929462383,2.824,False,False,
D_rt0.2_d2.5_rep1,0.2,0.20907817913172355,2.5,1,204,10dB,1098-133695-0069,C3,2,30,0.813913016015305,6.77150715866444,7.151,False,False,
D_rt0.2_d2.5_rep1,0.2,0.20907817913172355,2.5,1,204,10dB,1098-133695-0069,C4,3,10,0.8300921621005345,7.943561236432703,1.479,False,False,
D_rt0.2_d2.5_rep1,0.2,0.20907817913172355,2.5,1,204,10dB,1098-133695-0069,C5,3,20,0.8297755366149635,7.8649630655699205,2.818,False,False,
D_rt0.2_d2.5_rep1,0.2,0.20907817913172355,2.5,1,204,10dB,1098-133695-0069,C6,3,30,0.8297311189971491,7.904263973328346,6.656,False,False,
D_rt0.2_d2.5_rep1,0.2,0.20907817913172355,2.5,1,204,10dB,1098-133695-0069,C7,4,10,0.8393949259689628,8.867825815481098,1.556,False,False,
D_rt0.2_d2.5_rep1,0.2,0.20907817913172355,2.5,1,204,10dB,1098-133695-0069,C8,4,20,0.840017555084978,8.854126904954073,2.82,False,False,
D_rt0.2_d2.5_rep1,0.2,0.20907817913172355,2.5,1,204,10dB,1098-133695-0069,C9,4,30,0.8399749726803882,8.89028965004632,7.095,False,False,
D_rt0.2_d2.5_rep1,0.2,0.20907817913172355,2.5,1,204,10dB,6848-252323-0022,baseline,,,0.8308062097758847,9.164001946747995,,False,False,
D_rt0.2_d2.5_rep1,0.2,0.20907817913172355,2.5,1,204,10dB,6848-252323-0022,C1,2,10,0.7916927158381103,5.521303948766592,1.566,False,False,
D_rt0.2_d2.5_rep1,0.2,0.20907817913172355,2.5,1,204,10dB,6848-252323-0022,C2,2,20,0.790931766774583,5.285826455347868,3.232,False,False,
D_rt0.2_d2.5_rep1,0.2,0.20907817913172355,2.5,1,204,10dB,6848-252323-0022,C3,2,30,0.7922655658083004,5.276125448794788,7.066,False,False,
D_rt0.2_d2.5_rep1,0.2,0.20907817913172355,2.5,1,204,10dB,6848-252323-0022,C4,3,10,0.8121545852981675,7.564753497229826,1.572,False,False,
D_rt0.2_d2.5_rep1,0.2,0.20907817913172355,2.5,1,204,10dB,6848-252323-0022,C5,3,20,0.8122167875044236,7.44377533241274,3.007,False,False,
D_rt0.2_d2.5_rep1,0.2,0.20907817913172355,2.5,1,204,10dB,6848-252323-0022,C6,3,30,0.8136931126803776,7.466777318431484,7.057,False,False,
D_rt0.2_d2.5_rep1,0.2,0.20907817913172355,2.5,1,204,10dB,6848-252323-0022,C7,4,10,0.8250629735968595,8.769930812275376,1.598,False,False,
D_rt0.2_d2.5_rep1,0.2,0.20907817913172355,2.5,1,204,10dB,6848-252323-0022,C8,4,20,0.825795793300939,8.759607045813048,3.006,False,False,
D_rt0.2_d2.5_rep1,0.2,0.20907817913172355,2.5,1,204,10dB,6848-252323-0022,C9,4,30,0.827098262817872,8.799405472963338,7.314,False,False,
D_rt0.2_d2.5_rep1,0.2,0.20907817913172355,2.5,1,204,10dB,2893-139310-0011,baseline,,,0.8758011354521328,9.311560842460793,,False,False,
D_rt0.2_d2.5_rep1,0.2,0.20907817913172355,2.5,1,204,10dB,2893-139310-0011,C1,2,10,0.8439934113642428,6.515808732685024,1.589,False,False,
D_rt0.2_d2.5_rep1,0.2,0.20907817913172355,2.5,1,204,10dB,2893-139310-0011,C2,2,20,0.8415643310075016,6.333479319002917,3.034,False,False,
D_rt0.2_d2.5_rep1,0.2,0.20907817913172355,2.5,1,204,10dB,2893-139310-0011,C3,2,30,0.8411627015496136,6.3243072263024,6.967,False,False,
D_rt0.2_d2.5_rep1,0.2,0.20907817913172355,2.5,1,204,10dB,2893-139310-0011,C4,3,10,0.8523813091705812,7.435647905560589,1.62,False,False,
D_rt0.2_d2.5_rep1,0.2,0.20907817913172355,2.5,1,204,10dB,2893-139310-0011,C5,3,20,0.8514352398798951,7.328269673197767,3.083,False,False,
D_rt0.2_d2.5_rep1,0.2,0.20907817913172355,2.5,1,204,10dB,2893-139310-0011,C6,3,30,0.8510545728301718,7.339266034937342,7.171,False,False,
D_rt0.2_d2.5_rep1,0.2,0.20907817913172355,2.5,1,204,10dB,2893-139310-0011,C7,4,10,0.864831191094116,8.67207356675035,1.578,False,False,
D_rt0.2_d2.5_rep1,0.2,0.20907817913172355,2.5,1,204,10dB,2893-139310-0011,C8,4,20,0.8647503302493531,8.658331610921035,3.193,False,False,
D_rt0.2_d2.5_rep1,0.2,0.20907817913172355,2.5,1,204,10dB,2893-139310-0011,C9,4,30,0.8645624353189736,8.693535962969865,7.048,False,False,
D_rt0.2_d2.5_rep1,0.2,0.20907817913172355,2.5,1,204,10dB,26-495-0064,baseline,,,0.9215955060120468,9.37779722939956,,False,False,
D_rt0.2_d2.5_rep1,0.2,0.20907817913172355,2.5,1,204,10dB,26-495-0064,C1,2,10,0.880458508797877,5.658134581208932,1.46,False,False,
D_rt0.2_d2.5_rep1,0.2,0.20907817913172355,2.5,1,204,10dB,26-495-0064,C2,2,20,0.8783896749018665,5.526387992415303,2.765,False,False,
D_rt0.2_d2.5_rep1,0.2,0.20907817913172355,2.5,1,204,10dB,26-495-0064,C3,2,30,0.8779773279148944,5.541880449411324,6.863,False,False,
D_rt0.2_d2.5_rep1,0.2,0.20907817913172355,2.5,1,204,10dB,26-495-0064,C4,3,10,0.9001038558678691,7.599245101362628,1.467,False,False,
D_rt0.2_d2.5_rep1,0.2,0.20907817913172355,2.5,1,204,10dB,26-495-0064,C5,3,20,0.8991322412945337,7.533818597300307,2.759,False,False,
D_rt0.2_d2.5_rep1,0.2,0.20907817913172355,2.5,1,204,10dB,26-495-0064,C6,3,30,0.8985677392627954,7.551163170376265,6.64,False,False,
D_rt0.2_d2.5_rep1,0.2,0.20907817913172355,2.5,1,204,10dB,26-495-0064,C7,4,10,0.9120004374761842,8.64678805661758,1.557,False,False,
D_rt0.2_d2.5_rep1,0.2,0.20907817913172355,2.5,1,204,10dB,26-495-0064,C8,4,20,0.9111406159220243,8.619384155085305,2.825,False,False,
D_rt0.2_d2.5_rep1,0.2,0.20907817913172355,2.5,1,204,10dB,26-495-0064,C9,4,30,0.9107483350161676,8.63751546729677,6.679,False,False,
D_rt0.4_d1.0_rep0,0.4,0.49166699087574156,1.0,0,205,clean,5808-48608-0028,baseline,,,0.9033949010312824,5.918885541027487,,False,False,
D_rt0.4_d1.0_rep0,0.4,0.49166699087574156,1.0,0,205,clean,5808-48608-0028,C1,2,10,0.8436544789373988,3.6026340053884565,1.668,False,False,
D_rt0.4_d1.0_rep0,0.4,0.49166699087574156,1.0,0,205,clean,5808-48608-0028,C2,2,20,0.8196046878120402,1.8928720250396394,3.316,False,False,
D_rt0.4_d1.0_rep0,0.4,0.49166699087574156,1.0,0,205,clean,5808-48608-0028,C3,2,30,0.8236037732960817,1.8673817805411268,7.139,False,False,
D_rt0.4_d1.0_rep0,0.4,0.49166699087574156,1.0,0,205,clean,5808-48608-0028,C4,3,10,0.8812368185083218,5.5905300231976085,1.645,False,False,
D_rt0.4_d1.0_rep0,0.4,0.49166699087574156,1.0,0,205,clean,5808-48608-0028,C5,3,20,0.8668802549793678,4.485322368067589,3.108,False,False,
D_rt0.4_d1.0_rep0,0.4,0.49166699087574156,1.0,0,205,clean,5808-48608-0028,C6,3,30,0.8647238255422569,4.543816275028222,7.945,False,False,
D_rt0.4_d1.0_rep0,0.4,0.49166699087574156,1.0,0,205,clean,5808-48608-0028,C7,4,10,0.9185642104789051,7.512023489917047,1.657,False,False,
D_rt0.4_d1.0_rep0,0.4,0.49166699087574156,1.0,0,205,clean,5808-48608-0028,C8,4,20,0.9060816889348959,7.078611067560811,3.121,False,False,
D_rt0.4_d1.0_rep0,0.4,0.49166699087574156,1.0,0,205,clean,5808-48608-0028,C9,4,30,0.9103686101017545,6.734798580134099,7.781,False,False,
D_rt0.4_d1.0_rep0,0.4,0.49166699087574156,1.0,0,205,clean,1743-142912-0013,baseline,,,0.9336558947186012,6.523457679775521,,False,False,
D_rt0.4_d1.0_rep0,0.4,0.49166699087574156,1.0,0,205,clean,1743-142912-0013,C1,2,10,0.904121234845476,5.306609767000382,1.297,False,False,
D_rt0.4_d1.0_rep0,0.4,0.49166699087574156,1.0,0,205,clean,1743-142912-0013,C2,2,20,0.8719623419522998,2.7477565578585237,2.499,False,False,
D_rt0.4_d1.0_rep0,0.4,0.49166699087574156,1.0,0,205,clean,1743-142912-0013,C3,2,30,0.8751667430099804,2.6083248156403442,6.148,False,False,
D_rt0.4_d1.0_rep0,0.4,0.49166699087574156,1.0,0,205,clean,1743-142912-0013,C4,3,10,,,1.31,False,True,
D_rt0.4_d1.0_rep0,0.4,0.49166699087574156,1.0,0,205,clean,1743-142912-0013,C5,3,20,0.9057769976115022,4.096400132332946,2.569,False,False,
D_rt0.4_d1.0_rep0,0.4,0.49166699087574156,1.0,0,205,clean,1743-142912-0013,C6,3,30,0.9082565569440509,5.219682480649198,6.158,False,False,
D_rt0.4_d1.0_rep0,0.4,0.49166699087574156,1.0,0,205,clean,1743-142912-0013,C7,4,10,0.9439745498323527,10.091865643434039,1.308,False,False,
D_rt0.4_d1.0_rep0,0.4,0.49166699087574156,1.0,0,205,clean,1743-142912-0013,C8,4,20,0.9420216051191729,7.885577797126999,2.474,False,False,
D_rt0.4_d1.0_rep0,0.4,0.49166699087574156,1.0,0,205,clean,1743-142912-0013,C9,4,30,0.939720487144241,7.572863255211388,6.33,False,False,
D_rt0.4_d1.0_rep0,0.4,0.49166699087574156,1.0,0,205,clean,1098-133695-0069,baseline,,,0.9361154077950131,7.994538471526152,,False,False,
D_rt0.4_d1.0_rep0,0.4,0.49166699087574156,1.0,0,205,clean,1098-133695-0069,C1,2,10,0.8870897429603294,6.114306645429242,1.513,False,False,
D_rt0.4_d1.0_rep0,0.4,0.49166699087574156,1.0,0,205,clean,1098-133695-0069,C2,2,20,0.8462465270799474,3.703448186723625,2.891,False,False,
D_rt0.4_d1.0_rep0,0.4,0.49166699087574156,1.0,0,205,clean,1098-133695-0069,C3,2,30,0.8499443799169459,3.694288466734434,7.331,False,False,
D_rt0.4_d1.0_rep0,0.4,0.49166699087574156,1.0,0,205,clean,1098-133695-0069,C4,3,10,0.913981543032645,7.410291326174217,1.561,False,False,
D_rt0.4_d1.0_rep0,0.4,0.49166699087574156,1.0,0,205,clean,1098-133695-0069,C5,3,20,0.8944726760663754,5.299676814371297,2.869,False,False,
D_rt0.4_d1.0_rep0,0.4,0.49166699087574156,1.0,0,205,clean,1098-133695-0069,C6,3,30,0.8941504093141367,5.491003663479796,6.963,False,False,
D_rt0.4_d1.0_rep0,0.4,0.49166699087574156,1.0,0,205,clean,1098-133695-0069,C7,4,10,0.9389055346635904,9.316616732799902,1.519,False,False,
D_rt0.4_d1.0_rep0,0.4,0.49166699087574156,1.0,0,205,clean,1098-133695-0069,C8,4,20,0.930483839563351,8.127038168740947,3.041,False,False,
D_rt0.4_d1.0_rep0,0.4,0.49166699087574156,1.0,0,205,clean,1098-133695-0069,C9,4,30,0.9312536848917381,8.278318460684517,6.694,False,False,
D_rt0.4_d1.0_rep0,0.4,0.49166699087574156,1.0,0,205,clean,6848-252323-0022,baseline,,,0.914147693592754,5.5637614256289805,,False,False,
D_rt0.4_d1.0_rep0,0.4,0.49166699087574156,1.0,0,205,clean,6848-252323-0022,C1,2,10,0.8452030732849048,2.723348329689972,1.624,False,False,
D_rt0.4_d1.0_rep0,0.4,0.49166699087574156,1.0,0,205,clean,6848-252323-0022,C2,2,20,0.8379631917118063,2.7559707206954034,3.061,False,False,
D_rt0.4_d1.0_rep0,0.4,0.49166699087574156,1.0,0,205,clean,6848-252323-0022,C3,2,30,0.8433102215505436,2.2885440143771665,7.999,False,False,
D_rt0.4_d1.0_rep0,0.4,0.49166699087574156,1.0,0,205,clean,6848-252323-0022,C4,3,10,0.888885812283806,5.2612734320389585,1.61,False,False,
D_rt0.4_d1.0_rep0,0.4,0.49166699087574156,1.0,0,205,clean,6848-252323-0022,C5,3,20,0.8817086957394951,4.347706910408368,3.07,False,False,
D_rt0.4_d1.0_rep0,0.4,0.49166699087574156,1.0,0,205,clean,6848-252323-0022,C6,3,30,0.885921530533869,4.499140539638563,7.427,False,False,
D_rt0.4_d1.0_rep0,0.4,0.49166699087574156,1.0,0,205,clean,6848-252323-0022,C7,4,10,0.9147413804850256,4.704687756234191,1.659,False,False,
D_rt0.4_d1.0_rep0,0.4,0.49166699087574156,1.0,0,205,clean,6848-252323-0022,C8,4,20,0.9204275708104027,6.603863696572606,3.062,False,False,
D_rt0.4_d1.0_rep0,0.4,0.49166699087574156,1.0,0,205,clean,6848-252323-0022,C9,4,30,0.9266737056406309,6.899086580804774,7.023,False,False,
D_rt0.4_d1.0_rep0,0.4,0.49166699087574156,1.0,0,205,clean,2893-139310-0011,baseline,,,0.9158541719280511,6.888035591801267,,False,False,
D_rt0.4_d1.0_rep0,0.4,0.49166699087574156,1.0,0,205,clean,2893-139310-0011,C1,2,10,0.8675851284401545,4.4648283530598825,1.726,False,False,
D_rt0.4_d1.0_rep0,0.4,0.49166699087574156,1.0,0,205,clean,2893-139310-0011,C2,2,20,0.8267694417648264,1.7554342993526248,3.168,False,False,
D_rt0.4_d1.0_rep0,0.4,0.49166699087574156,1.0,0,205,clean,2893-139310-0011,C3,2,30,0.8610987496481802,2.981168234090672,7.087,False,False,
D_rt0.4_d1.0_rep0,0.4,0.49166699087574156,1.0,0,205,clean,2893-139310-0011,C4,3,10,0.8877990331605126,5.0562467247091,1.631,False,False,
D_rt0.4_d1.0_rep0,0.4,0.49166699087574156,1.0,0,205,clean,2893-139310-0011,C5,3,20,0.8931167810878159,5.516088800168816,3.285,False,False,
D_rt0.4_d1.0_rep0,0.4,0.49166699087574156,1.0,0,205,clean,2893-139310-0011,C6,3,30,0.8976274082862111,5.304792574612357,7.195,False,False,
D_rt0.4_d1.0_rep0,0.4,0.49166699087574156,1.0,0,205,clean,2893-139310-0011,C7,4,10,0.9356691900659182,8.049857365458472,1.631,False,False,
D_rt0.4_d1.0_rep0,0.4,0.49166699087574156,1.0,0,205,clean,2893-139310-0011,C8,4,20,0.9329820637326409,7.860004092494339,3.109,False,False,
D_rt0.4_d1.0_rep0,0.4,0.49166699087574156,1.0,0,205,clean,2893-139310-0011,C9,4,30,0.9314524110582254,7.535542603347217,7.808,False,False,
D_rt0.4_d1.0_rep0,0.4,0.49166699087574156,1.0,0,205,clean,26-495-0064,baseline,,,0.9263675232220213,7.2311776825542085,,False,False,
D_rt0.4_d1.0_rep0,0.4,0.49166699087574156,1.0,0,205,clean,26-495-0064,C1,2,10,0.8378205228444556,2.4519018702489737,1.505,False,False,
D_rt0.4_d1.0_rep0,0.4,0.49166699087574156,1.0,0,205,clean,26-495-0064,C2,2,20,0.8385573832220973,2.0448588599630604,2.904,False,False,
D_rt0.4_d1.0_rep0,0.4,0.49166699087574156,1.0,0,205,clean,26-495-0064,C3,2,30,0.8475610164399545,2.3496206792242145,7.253,False,False,
D_rt0.4_d1.0_rep0,0.4,0.49166699087574156,1.0,0,205,clean,26-495-0064,C4,3,10,0.9033510692168462,5.9593748589391415,1.514,False,False,
D_rt0.4_d1.0_rep0,0.4,0.49166699087574156,1.0,0,205,clean,26-495-0064,C5,3,20,0.882828899158747,4.885371831707792,2.874,False,False,
D_rt0.4_d1.0_rep0,0.4,0.49166699087574156,1.0,0,205,clean,26-495-0064,C6,3,30,0.8920868973344087,5.064293296709436,6.89,False,False,
D_rt0.4_d1.0_rep0,0.4,0.49166699087574156,1.0,0,205,clean,26-495-0064,C7,4,10,0.9334034662852038,8.211780730598306,1.61,False,False,
D_rt0.4_d1.0_rep0,0.4,0.49166699087574156,1.0,0,205,clean,26-495-0064,C8,4,20,0.9273518022194555,7.594137170656139,2.901,False,False,
D_rt0.4_d1.0_rep0,0.4,0.49166699087574156,1.0,0,205,clean,26-495-0064,C9,4,30,0.9340292707566977,7.639138603429473,6.782,False,False,
D_rt0.4_d1.0_rep0,0.4,0.49166699087574156,1.0,0,205,10dB,5808-48608-0028,baseline,,,0.7911668108099509,4.1950346111267445,,False,False,
D_rt0.4_d1.0_rep0,0.4,0.49166699087574156,1.0,0,205,10dB,5808-48608-0028,C1,2,10,0.7852651781242309,3.683318930970291,1.634,False,False,
D_rt0.4_d1.0_rep0,0.4,0.49166699087574156,1.0,0,205,10dB,5808-48608-0028,C2,2,20,0.789333750779439,3.8631309511034466,3.349,False,False,
D_rt0.4_d1.0_rep0,0.4,0.49166699087574156,1.0,0,205,10dB,5808-48608-0028,C3,2,30,0.7905928775763073,3.93348070670078,7.187,False,False,
D_rt0.4_d1.0_rep0,0.4,0.49166699087574156,1.0,0,205,10dB,5808-48608-0028,C4,3,10,0.7992259102865751,4.436856421336032,1.639,False,False,
D_rt0.4_d1.0_rep0,0.4,0.49166699087574156,1.0,0,205,10dB,5808-48608-0028,C5,3,20,0.8028797616515171,4.634349710923221,3.171,False,False,
D_rt0.4_d1.0_rep0,0.4,0.49166699087574156,1.0,0,205,10dB,5808-48608-0028,C6,3,30,0.8040437308642284,4.717641790458638,7.721,False,False,
D_rt0.4_d1.0_rep0,0.4,0.49166699087574156,1.0,0,205,10dB,5808-48608-0028,C7,4,10,0.8102587492294253,5.334287372520622,1.642,False,False,
D_rt0.4_d1.0_rep0,0.4,0.49166699087574156,1.0,0,205,10dB,5808-48608-0028,C8,4,20,0.8152065918601147,5.632423558162581,3.138,False,False,
D_rt0.4_d1.0_rep0,0.4,0.49166699087574156,1.0,0,205,10dB,5808-48608-0028,C9,4,30,0.8172855587620667,5.786284361991116,7.319,False,False,
D_rt0.4_d1.0_rep0,0.4,0.49166699087574156,1.0,0,205,10dB,1743-142912-0013,baseline,,,0.867868251131204,4.605946373149087,,False,False,
D_rt0.4_d1.0_rep0,0.4,0.49166699087574156,1.0,0,205,10dB,1743-142912-0013,C1,2,10,0.8690805693732426,4.936561782924571,1.299,False,False,
D_rt0.4_d1.0_rep0,0.4,0.49166699087574156,1.0,0,205,10dB,1743-142912-0013,C2,2,20,0.8697801504179988,4.981822923871519,2.481,False,False,
D_rt0.4_d1.0_rep0,0.4,0.49166699087574156,1.0,0,205,10dB,1743-142912-0013,C3,2,30,0.8698303076941337,5.0684788619459376,6.117,False,False,
D_rt0.4_d1.0_rep0,0.4,0.49166699087574156,1.0,0,205,10dB,1743-142912-0013,C4,3,10,0.8767036734375062,5.754603104166057,1.306,False,False,
D_rt0.4_d1.0_rep0,0.4,0.49166699087574156,1.0,0,205,10dB,1743-142912-0013,C5,3,20,0.8778645828839488,5.813764282379773,2.676,False,False,
D_rt0.4_d1.0_rep0,0.4,0.49166699087574156,1.0,0,205,10dB,1743-142912-0013,C6,3,30,0.8780641284632921,5.935618263572005,6.19,False,False,
D_rt0.4_d1.0_rep0,0.4,0.49166699087574156,1.0,0,205,10dB,1743-142912-0013,C7,4,10,0.8852394902491207,6.620575720066901,1.316,False,False,
D_rt0.4_d1.0_rep0,0.4,0.49166699087574156,1.0,0,205,10dB,1743-142912-0013,C8,4,20,0.8870289988747911,6.881262559650767,2.474,False,False,
D_rt0.4_d1.0_rep0,0.4,0.49166699087574156,1.0,0,205,10dB,1743-142912-0013,C9,4,30,0.8874644425491621,7.061245745780554,7.333,False,False,
D_rt0.4_d1.0_rep0,0.4,0.49166699087574156,1.0,0,205,10dB,1098-133695-0069,baseline,,,0.8047279139129335,5.615250462392414,,False,False,
D_rt0.4_d1.0_rep0,0.4,0.49166699087574156,1.0,0,205,10dB,1098-133695-0069,C1,2,10,0.7932534738820723,5.0383716657272615,1.504,False,False,
D_rt0.4_d1.0_rep0,0.4,0.49166699087574156,1.0,0,205,10dB,1098-133695-0069,C2,2,20,0.7915575361418484,5.010794565269522,2.876,False,False,
D_rt0.4_d1.0_rep0,0.4,0.49166699087574156,1.0,0,205,10dB,1098-133695-0069,C3,2,30,0.7928245063878926,5.100003938690146,12.999,False,False,
D_rt0.4_d1.0_rep0,0.4,0.49166699087574156,1.0,0,205,10dB,1098-133695-0069,C4,3,10,0.8083527266558781,5.968574590550745,1.568,False,False,
D_rt0.4_d1.0_rep0,0.4,0.49166699087574156,1.0,0,205,10dB,1098-133695-0069,C5,3,20,0.8078650852210406,6.06885338935852,2.917,False,False,
D_rt0.4_d1.0_rep0,0.4,0.49166699087574156,1.0,0,205,10dB,1098-133695-0069,C6,3,30,0.8089952516543312,6.15064416765068,7.564,False,False,
D_rt0.4_d1.0_rep0,0.4,0.49166699087574156,1.0,0,205,10dB,1098-133695-0069,C7,4,10,0.8186667015639748,6.797785169446953,1.517,False,False,
D_rt0.4_d1.0_rep0,0.4,0.49166699087574156,1.0,0,205,10dB,1098-133695-0069,C8,4,20,0.818486197898546,7.009235557670827,2.931,False,False,
D_rt0.4_d1.0_rep0,0.4,0.49166699087574156,1.0,0,205,10dB,1098-133695-0069,C9,4,30,0.8200251374043884,7.08061957954672,6.892,False,False,
D_rt0.4_d1.0_rep0,0.4,0.49166699087574156,1.0,0,205,10dB,6848-252323-0022,baseline,,,0.7532049217298553,3.900688834737491,,False,False,
D_rt0.4_d1.0_rep0,0.4,0.49166699087574156,1.0,0,205,10dB,6848-252323-0022,C1,2,10,0.7502446434348514,3.5964497842598133,1.602,False,False,
D_rt0.4_d1.0_rep0,0.4,0.49166699087574156,1.0,0,205,10dB,6848-252323-0022,C2,2,20,0.7507877657320211,3.6074011567534225,3.136,False,False,
D_rt0.4_d1.0_rep0,0.4,0.49166699087574156,1.0,0,205,10dB,6848-252323-0022,C3,2,30,0.7513664146107315,3.723366214921727,7.193,False,False,
D_rt0.4_d1.0_rep0,0.4,0.49166699087574156,1.0,0,205,10dB,6848-252323-0022,C4,3,10,0.7627745035054254,4.053202793984875,1.63,False,False,
D_rt0.4_d1.0_rep0,0.4,0.49166699087574156,1.0,0,205,10dB,6848-252323-0022,C5,3,20,0.7637856600103056,4.100980118931309,3.1,False,False,
D_rt0.4_d1.0_rep0,0.4,0.49166699087574156,1.0,0,205,10dB,6848-252323-0022,C6,3,30,0.7644858800795927,4.188786400349544,7.204,False,False,
D_rt0.4_d1.0_rep0,0.4,0.49166699087574156,1.0,0,205,10dB,6848-252323-0022,C7,4,10,0.7737951614485775,5.244946576040009,1.609,False,False,
D_rt0.4_d1.0_rep0,0.4,0.49166699087574156,1.0,0,205,10dB,6848-252323-0022,C8,4,20,0.7762815636791581,5.4649842417775005,3.102,False,False,
D_rt0.4_d1.0_rep0,0.4,0.49166699087574156,1.0,0,205,10dB,6848-252323-0022,C9,4,30,0.7774269635593862,5.5897669055711035,7.201,False,False,
D_rt0.4_d1.0_rep0,0.4,0.49166699087574156,1.0,0,205,10dB,2893-139310-0011,baseline,,,0.810008022744109,4.8626569809282625,,False,False,
D_rt0.4_d1.0_rep0,0.4,0.49166699087574156,1.0,0,205,10dB,2893-139310-0011,C1,2,10,0.8031735741884801,4.925500735449706,1.631,False,False,
D_rt0.4_d1.0_rep0,0.4,0.49166699087574156,1.0,0,205,10dB,2893-139310-0011,C2,2,20,0.8058004030410628,4.948977203895368,3.125,False,False,
D_rt0.4_d1.0_rep0,0.4,0.49166699087574156,1.0,0,205,10dB,2893-139310-0011,C3,2,30,0.8080507014966132,5.05012957322971,7.865,False,False,
D_rt0.4_d1.0_rep0,0.4,0.49166699087574156,1.0,0,205,10dB,2893-139310-0011,C4,3,10,0.8161039061149363,5.581546233812293,1.635,False,False,
D_rt0.4_d1.0_rep0,0.4,0.49166699087574156,1.0,0,205,10dB,2893-139310-0011,C5,3,20,0.8184906064943299,5.61201509445794,3.149,False,False,
D_rt0.4_d1.0_rep0,0.4,0.49166699087574156,1.0,0,205,10dB,2893-139310-0011,C6,3,30,0.8212196260752582,5.72741063185471,7.316,False,False,
D_rt0.4_d1.0_rep0,0.4,0.49166699087574156,1.0,0,205,10dB,2893-139310-0011,C7,4,10,0.8270700839468795,6.192033601511846,1.717,False,False,
D_rt0.4_d1.0_rep0,0.4,0.49166699087574156,1.0,0,205,10dB,2893-139310-0011,C8,4,20,0.8301652522463482,6.3849771943487275,3.143,False,False,
D_rt0.4_d1.0_rep0,0.4,0.49166699087574156,1.0,0,205,10dB,2893-139310-0011,C9,4,30,0.8331332438129706,6.524155845470975,7.545,False,False,
D_rt0.4_d1.0_rep0,0.4,0.49166699087574156,1.0,0,205,10dB,26-495-0064,baseline,,,0.8702027820958481,5.096664735214147,,False,False,
D_rt0.4_d1.0_rep0,0.4,0.49166699087574156,1.0,0,205,10dB,26-495-0064,C1,2,10,0.8609526939411211,4.46334073804069,1.497,False,False,
D_rt0.4_d1.0_rep0,0.4,0.49166699087574156,1.0,0,205,10dB,26-495-0064,C2,2,20,0.8574194619624456,4.390649628622377,3.002,False,False,
D_rt0.4_d1.0_rep0,0.4,0.49166699087574156,1.0,0,205,10dB,26-495-0064,C3,2,30,0.8568259072391559,4.406212935577859,7.137,False,False,
D_rt0.4_d1.0_rep0,0.4,0.49166699087574156,1.0,0,205,10dB,26-495-0064,C4,3,10,0.8755097347279702,5.352397139322578,1.512,False,False,
D_rt0.4_d1.0_rep0,0.4,0.49166699087574156,1.0,0,205,10dB,26-495-0064,C5,3,20,0.8737861473218157,5.331426795391467,2.86,False,False,
D_rt0.4_d1.0_rep0,0.4,0.49166699087574156,1.0,0,205,10dB,26-495-0064,C6,3,30,0.8731407419770021,5.354289312190591,7.015,False,False,
D_rt0.4_d1.0_rep0,0.4,0.49166699087574156,1.0,0,205,10dB,26-495-0064,C7,4,10,0.8900003021478085,6.282479996174507,1.504,False,False,
D_rt0.4_d1.0_rep0,0.4,0.49166699087574156,1.0,0,205,10dB,26-495-0064,C8,4,20,0.8913220658566006,6.406998708079271,2.857,False,False,
D_rt0.4_d1.0_rep0,0.4,0.49166699087574156,1.0,0,205,10dB,26-495-0064,C9,4,30,0.8912602467689835,6.454324545099777,7.344,False,False,
D_rt0.4_d1.0_rep1,0.4,0.49166699087574156,1.0,1,206,clean,5808-48608-0028,baseline,,,0.9033949010312824,5.918885541027487,,False,False,
D_rt0.4_d1.0_rep1,0.4,0.49166699087574156,1.0,1,206,clean,5808-48608-0028,C1,2,10,0.8436544789373988,3.6026340053884565,1.677,False,False,
D_rt0.4_d1.0_rep1,0.4,0.49166699087574156,1.0,1,206,clean,5808-48608-0028,C2,2,20,0.8196046878120402,1.8928720250396394,3.175,False,False,
D_rt0.4_d1.0_rep1,0.4,0.49166699087574156,1.0,1,206,clean,5808-48608-0028,C3,2,30,0.8236037732960817,1.8673817805411268,7.087,False,False,
D_rt0.4_d1.0_rep1,0.4,0.49166699087574156,1.0,1,206,clean,5808-48608-0028,C4,3,10,0.8812368185083218,5.5905300231976085,1.729,False,False,
D_rt0.4_d1.0_rep1,0.4,0.49166699087574156,1.0,1,206,clean,5808-48608-0028,C5,3,20,0.8668802549793678,4.485322368067589,3.15,False,False,
D_rt0.4_d1.0_rep1,0.4,0.49166699087574156,1.0,1,206,clean,5808-48608-0028,C6,3,30,0.8647238255422569,4.543816275028222,7.098,False,False,
D_rt0.4_d1.0_rep1,0.4,0.49166699087574156,1.0,1,206,clean,5808-48608-0028,C7,4,10,0.9185642104789051,7.512023489917047,1.638,False,False,
D_rt0.4_d1.0_rep1,0.4,0.49166699087574156,1.0,1,206,clean,5808-48608-0028,C8,4,20,0.9060816889348959,7.078611067560811,3.203,False,False,
D_rt0.4_d1.0_rep1,0.4,0.49166699087574156,1.0,1,206,clean,5808-48608-0028,C9,4,30,0.9103686101017545,6.734798580134099,7.064,False,False,
D_rt0.4_d1.0_rep1,0.4,0.49166699087574156,1.0,1,206,clean,1743-142912-0013,baseline,,,0.9336558947186012,6.523457679775521,,False,False,
D_rt0.4_d1.0_rep1,0.4,0.49166699087574156,1.0,1,206,clean,1743-142912-0013,C1,2,10,0.904121234845476,5.306609767000382,1.302,False,False,
D_rt0.4_d1.0_rep1,0.4,0.49166699087574156,1.0,1,206,clean,1743-142912-0013,C2,2,20,0.8719623419522998,2.7477565578585237,2.473,False,False,
D_rt0.4_d1.0_rep1,0.4,0.49166699087574156,1.0,1,206,clean,1743-142912-0013,C3,2,30,0.8751667430099804,2.6083248156403442,6.804,False,False,
D_rt0.4_d1.0_rep1,0.4,0.49166699087574156,1.0,1,206,clean,1743-142912-0013,C4,3,10,,,1.298,False,True,
D_rt0.4_d1.0_rep1,0.4,0.49166699087574156,1.0,1,206,clean,1743-142912-0013,C5,3,20,0.9057769976115022,4.096400132332946,2.544,False,False,
D_rt0.4_d1.0_rep1,0.4,0.49166699087574156,1.0,1,206,clean,1743-142912-0013,C6,3,30,0.9082565569440509,5.219682480649198,6.21,False,False,
D_rt0.4_d1.0_rep1,0.4,0.49166699087574156,1.0,1,206,clean,1743-142912-0013,C7,4,10,0.9439745498323527,10.091865643434039,1.336,False,False,
D_rt0.4_d1.0_rep1,0.4,0.49166699087574156,1.0,1,206,clean,1743-142912-0013,C8,4,20,0.9420216051191729,7.885577797126999,2.541,False,False,
D_rt0.4_d1.0_rep1,0.4,0.49166699087574156,1.0,1,206,clean,1743-142912-0013,C9,4,30,0.939720487144241,7.572863255211388,6.438,False,False,
D_rt0.4_d1.0_rep1,0.4,0.49166699087574156,1.0,1,206,clean,1098-133695-0069,baseline,,,0.9361154077950131,7.994538471526152,,False,False,
D_rt0.4_d1.0_rep1,0.4,0.49166699087574156,1.0,1,206,clean,1098-133695-0069,C1,2,10,0.8870897429603294,6.114306645429242,1.528,False,False,
D_rt0.4_d1.0_rep1,0.4,0.49166699087574156,1.0,1,206,clean,1098-133695-0069,C2,2,20,0.8462465270799474,3.703448186723625,2.875,False,False,
D_rt0.4_d1.0_rep1,0.4,0.49166699087574156,1.0,1,206,clean,1098-133695-0069,C3,2,30,0.8499443799169459,3.694288466734434,7.37,False,False,
D_rt0.4_d1.0_rep1,0.4,0.49166699087574156,1.0,1,206,clean,1098-133695-0069,C4,3,10,0.913981543032645,7.410291326174217,1.518,False,False,
D_rt0.4_d1.0_rep1,0.4,0.49166699087574156,1.0,1,206,clean,1098-133695-0069,C5,3,20,0.8944726760663754,5.299676814371297,2.897,False,False,
D_rt0.4_d1.0_rep1,0.4,0.49166699087574156,1.0,1,206,clean,1098-133695-0069,C6,3,30,0.8941504093141367,5.491003663479796,6.808,False,False,
D_rt0.4_d1.0_rep1,0.4,0.49166699087574156,1.0,1,206,clean,1098-133695-0069,C7,4,10,0.9389055346635904,9.316616732799902,1.525,False,False,
D_rt0.4_d1.0_rep1,0.4,0.49166699087574156,1.0,1,206,clean,1098-133695-0069,C8,4,20,0.930483839563351,8.127038168740947,2.902,False,False,
D_rt0.4_d1.0_rep1,0.4,0.49166699087574156,1.0,1,206,clean,1098-133695-0069,C9,4,30,0.9312536848917381,8.278318460684517,6.737,False,False,
D_rt0.4_d1.0_rep1,0.4,0.49166699087574156,1.0,1,206,clean,6848-252323-0022,baseline,,,0.914147693592754,5.5637614256289805,,False,False,
D_rt0.4_d1.0_rep1,0.4,0.49166699087574156,1.0,1,206,clean,6848-252323-0022,C1,2,10,0.8452030732849048,2.723348329689972,1.645,False,False,
D_rt0.4_d1.0_rep1,0.4,0.49166699087574156,1.0,1,206,clean,6848-252323-0022,C2,2,20,0.8379631917118063,2.7559707206954034,3.172,False,False,
D_rt0.4_d1.0_rep1,0.4,0.49166699087574156,1.0,1,206,clean,6848-252323-0022,C3,2,30,0.8433102215505436,2.2885440143771665,7.001,False,False,
D_rt0.4_d1.0_rep1,0.4,0.49166699087574156,1.0,1,206,clean,6848-252323-0022,C4,3,10,0.888885812283806,5.2612734320389585,1.63,False,False,
D_rt0.4_d1.0_rep1,0.4,0.49166699087574156,1.0,1,206,clean,6848-252323-0022,C5,3,20,0.8817086957394951,4.347706910408368,3.179,False,False,
D_rt0.4_d1.0_rep1,0.4,0.49166699087574156,1.0,1,206,clean,6848-252323-0022,C6,3,30,0.885921530533869,4.499140539638563,7.01,False,False,
D_rt0.4_d1.0_rep1,0.4,0.49166699087574156,1.0,1,206,clean,6848-252323-0022,C7,4,10,0.9147413804850256,4.704687756234191,1.603,False,False,
D_rt0.4_d1.0_rep1,0.4,0.49166699087574156,1.0,1,206,clean,6848-252323-0022,C8,4,20,0.9204275708104027,6.603863696572606,3.117,False,False,
D_rt0.4_d1.0_rep1,0.4,0.49166699087574156,1.0,1,206,clean,6848-252323-0022,C9,4,30,0.9266737056406309,6.899086580804774,7.282,False,False,
D_rt0.4_d1.0_rep1,0.4,0.49166699087574156,1.0,1,206,clean,2893-139310-0011,baseline,,,0.9158541719280511,6.888035591801267,,False,False,
D_rt0.4_d1.0_rep1,0.4,0.49166699087574156,1.0,1,206,clean,2893-139310-0011,C1,2,10,0.8675851284401545,4.4648283530598825,1.651,False,False,
D_rt0.4_d1.0_rep1,0.4,0.49166699087574156,1.0,1,206,clean,2893-139310-0011,C2,2,20,0.8267694417648264,1.7554342993526248,3.166,False,False,
D_rt0.4_d1.0_rep1,0.4,0.49166699087574156,1.0,1,206,clean,2893-139310-0011,C3,2,30,0.8610987496481802,2.981168234090672,7.224,False,False,
D_rt0.4_d1.0_rep1,0.4,0.49166699087574156,1.0,1,206,clean,2893-139310-0011,C4,3,10,0.8877990331605126,5.0562467247091,1.64,False,False,
D_rt0.4_d1.0_rep1,0.4,0.49166699087574156,1.0,1,206,clean,2893-139310-0011,C5,3,20,0.8931167810878159,5.516088800168816,3.196,False,False,
D_rt0.4_d1.0_rep1,0.4,0.49166699087574156,1.0,1,206,clean,2893-139310-0011,C6,3,30,0.8976274082862111,5.304792574612357,7.173,False,False,
D_rt0.4_d1.0_rep1,0.4,0.49166699087574156,1.0,1,206,clean,2893-139310-0011,C7,4,10,0.9356691900659182,8.049857365458472,1.756,False,False,
D_rt0.4_d1.0_rep1,0.4,0.49166699087574156,1.0,1,206,clean,2893-139310-0011,C8,4,20,0.9329820637326409,7.860004092494339,3.127,False,False,
D_rt0.4_d1.0_rep1,0.4,0.49166699087574156,1.0,1,206,clean,2893-139310-0011,C9,4,30,0.9314524110582254,7.535542603347217,7.126,False,False,
D_rt0.4_d1.0_rep1,0.4,0.49166699087574156,1.0,1,206,clean,26-495-0064,baseline,,,0.9263675232220213,7.2311776825542085,,False,False,
D_rt0.4_d1.0_rep1,0.4,0.49166699087574156,1.0,1,206,clean,26-495-0064,C1,2,10,0.8378205228444556,2.4519018702489737,1.495,False,False,
D_rt0.4_d1.0_rep1,0.4,0.49166699087574156,1.0,1,206,clean,26-495-0064,C2,2,20,0.8385573832220973,2.0448588599630604,2.985,False,False,
D_rt0.4_d1.0_rep1,0.4,0.49166699087574156,1.0,1,206,clean,26-495-0064,C3,2,30,0.8475610164399545,2.3496206792242145,6.759,False,False,
D_rt0.4_d1.0_rep1,0.4,0.49166699087574156,1.0,1,206,clean,26-495-0064,C4,3,10,0.9033510692168462,5.9593748589391415,1.501,False,False,
D_rt0.4_d1.0_rep1,0.4,0.49166699087574156,1.0,1,206,clean,26-495-0064,C5,3,20,0.882828899158747,4.885371831707792,2.848,False,False,
D_rt0.4_d1.0_rep1,0.4,0.49166699087574156,1.0,1,206,clean,26-495-0064,C6,3,30,0.8920868973344087,5.064293296709436,6.844,False,False,
D_rt0.4_d1.0_rep1,0.4,0.49166699087574156,1.0,1,206,clean,26-495-0064,C7,4,10,0.9334034662852038,8.211780730598306,1.502,False,False,
D_rt0.4_d1.0_rep1,0.4,0.49166699087574156,1.0,1,206,clean,26-495-0064,C8,4,20,0.9273518022194555,7.594137170656139,2.865,False,False,
D_rt0.4_d1.0_rep1,0.4,0.49166699087574156,1.0,1,206,clean,26-495-0064,C9,4,30,0.9340292707566977,7.639138603429473,7.373,False,False,
D_rt0.4_d1.0_rep1,0.4,0.49166699087574156,1.0,1,206,10dB,5808-48608-0028,baseline,,,0.790654691113208,4.177119642459665,,False,False,
D_rt0.4_d1.0_rep1,0.4,0.49166699087574156,1.0,1,206,10dB,5808-48608-0028,C1,2,10,0.784989663161237,3.676701416234069,1.659,False,False,
D_rt0.4_d1.0_rep1,0.4,0.49166699087574156,1.0,1,206,10dB,5808-48608-0028,C2,2,20,0.7883220662710808,3.830422406391343,3.135,False,False,
D_rt0.4_d1.0_rep1,0.4,0.49166699087574156,1.0,1,206,10dB,5808-48608-0028,C3,2,30,0.7894259783624946,3.912977428055198,7.101,False,False,
D_rt0.4_d1.0_rep1,0.4,0.49166699087574156,1.0,1,206,10dB,5808-48608-0028,C4,3,10,0.7988190314704473,4.406666705024621,1.753,False,False,
D_rt0.4_d1.0_rep1,0.4,0.49166699087574156,1.0,1,206,10dB,5808-48608-0028,C5,3,20,0.8022835544142658,4.624910491751814,3.139,False,False,
D_rt0.4_d1.0_rep1,0.4,0.49166699087574156,1.0,1,206,10dB,5808-48608-0028,C6,3,30,0.8031696786851176,4.680727464424707,7.086,False,False,
D_rt0.4_d1.0_rep1,0.4,0.49166699087574156,1.0,1,206,10dB,5808-48608-0028,C7,4,10,0.8094340851027503,5.25292901665806,1.648,False,False,
D_rt0.4_d1.0_rep1,0.4,0.49166699087574156,1.0,1,206,10dB,5808-48608-0028,C8,4,20,0.8137372757442582,5.602852785326631,3.237,False,False,
D_rt0.4_d1.0_rep1,0.4,0.49166699087574156,1.0,1,206,10dB,5808-48608-0028,C9,4,30,0.8156554275875927,5.733394200268135,7.009,False,False,
D_rt0.4_d1.0_rep1,0.4,0.49166699087574156,1.0,1,206,10dB,1743-142912-0013,baseline,,,0.8689345770438659,4.625652482495248,,False,False,
D_rt0.4_d1.0_rep1,0.4,0.49166699087574156,1.0,1,206,10dB,1743-142912-0013,C1,2,10,0.8682795666813823,5.120086303535451,1.296,False,False,
D_rt0.4_d1.0_rep1,0.4,0.49166699087574156,1.0,1,206,10dB,1743-142912-0013,C2,2,20,0.8685005526979837,5.218182609357527,2.481,False,False,
D_rt0.4_d1.0_rep1,0.4,0.49166699087574156,1.0,1,206,10dB,1743-142912-0013,C3,2,30,0.86803473303642,5.192235225317834,6.947,False,False,
D_rt0.4_d1.0_rep1,0.4,0.49166699087574156,1.0,1,206,10dB,1743-142912-0013,C4,3,10,0.8765034873942934,5.807335298547002,1.302,False,False,
D_rt0.4_d1.0_rep1,0.4,0.49166699087574156,1.0,1,206,10dB,1743-142912-0013,C5,3,20,0.8765943448937639,5.9885565012775634,2.499,False,False,
D_rt0.4_d1.0_rep1,0.4,0.49166699087574156,1.0,1,206,10dB,1743-142912-0013,C6,3,30,0.8761971893928677,5.991459691059521,6.065,False,False,
D_rt0.4_d1.0_rep1,0.4,0.49166699087574156,1.0,1,206,10dB,1743-142912-0013,C7,4,10,0.8847277654488146,6.629350660307799,1.298,False,False,
D_rt0.4_d1.0_rep1,0.4,0.49166699087574156,1.0,1,206,10dB,1743-142912-0013,C8,4,20,0.8853505360566674,6.999160814927868,2.676,False,False,
D_rt0.4_d1.0_rep1,0.4,0.49166699087574156,1.0,1,206,10dB,1743-142912-0013,C9,4,30,0.8853193152656732,7.067975404221142,6.071,False,False,
D_rt0.4_d1.0_rep1,0.4,0.49166699087574156,1.0,1,206,10dB,1098-133695-0069,baseline,,,0.7996753169455709,5.609210088831439,,False,False,
D_rt0.4_d1.0_rep1,0.4,0.49166699087574156,1.0,1,206,10dB,1098-133695-0069,C1,2,10,0.7899751745268753,4.983812180069758,1.508,False,False,
D_rt0.4_d1.0_rep1,0.4,0.49166699087574156,1.0,1,206,10dB,1098-133695-0069,C2,2,20,0.7915529343079636,5.0761889712985875,2.902,False,False,
D_rt0.4_d1.0_rep1,0.4,0.49166699087574156,1.0,1,206,10dB,1098-133695-0069,C3,2,30,0.7895984079042425,5.075701416068153,7.455,False,False,
D_rt0.4_d1.0_rep1,0.4,0.49166699087574156,1.0,1,206,10dB,1098-133695-0069,C4,3,10,0.8039848487057945,5.931184687784023,1.518,False,False,
D_rt0.4_d1.0_rep1,0.4,0.49166699087574156,1.0,1,206,10dB,1098-133695-0069,C5,3,20,0.8050008447973865,6.035398585640471,2.936,False,False,
D_rt0.4_d1.0_rep1,0.4,0.49166699087574156,1.0,1,206,10dB,1098-133695-0069,C6,3,30,0.8046992063159587,6.050590788280099,7.058,False,False,
D_rt0.4_d1.0_rep1,0.4,0.49166699087574156,1.0,1,206,10dB,1098-133695-0069,C7,4,10,0.8143074138650254,6.747676699773236,1.512,False,False,
D_rt0.4_d1.0_rep1,0.4,0.49166699087574156,1.0,1,206,10dB,1098-133695-0069,C8,4,20,0.8158581349669825,6.989599025899826,2.873,False,False,
D_rt0.4_d1.0_rep1,0.4,0.49166699087574156,1.0,1,206,10dB,1098-133695-0069,C9,4,30,0.8156967956912647,7.021879556287095,6.824,False,False,
D_rt0.4_d1.0_rep1,0.4,0.49166699087574156,1.0,1,206,10dB,6848-252323-0022,baseline,,,0.7545062529169647,3.9118178089189373,,False,False,
D_rt0.4_d1.0_rep1,0.4,0.49166699087574156,1.0,1,206,10dB,6848-252323-0022,C1,2,10,0.751472723460401,3.642730397598818,1.618,False,False,
D_rt0.4_d1.0_rep1,0.4,0.49166699087574156,1.0,1,206,10dB,6848-252323-0022,C2,2,20,0.7522526915397597,3.5831762246206726,3.182,False,False,
D_rt0.4_d1.0_rep1,0.4,0.49166699087574156,1.0,1,206,10dB,6848-252323-0022,C3,2,30,0.751225247548331,3.629831658444896,7.018,False,False,
D_rt0.4_d1.0_rep1,0.4,0.49166699087574156,1.0,1,206,10dB,6848-252323-0022,C4,3,10,0.7637136521385997,4.171925049025264,1.611,False,False,
D_rt0.4_d1.0_rep1,0.4,0.49166699087574156,1.0,1,206,10dB,6848-252323-0022,C5,3,20,0.764707761152873,4.119333535126281,3.188,False,False,
D_rt0.4_d1.0_rep1,0.4,0.49166699087574156,1.0,1,206,10dB,6848-252323-0022,C6,3,30,0.763844604028192,4.145783228414965,7.048,False,False,
D_rt0.4_d1.0_rep1,0.4,0.49166699087574156,1.0,1,206,10dB,6848-252323-0022,C7,4,10,0.7752289286486981,5.282877976109145,1.651,False,False,
D_rt0.4_d1.0_rep1,0.4,0.49166699087574156,1.0,1,206,10dB,6848-252323-0022,C8,4,20,0.7783549059970809,5.524112571071347,3.056,False,False,
D_rt0.4_d1.0_rep1,0.4,0.49166699087574156,1.0,1,206,10dB,6848-252323-0022,C9,4,30,0.7783690569731313,5.611542062191371,7.176,False,False,
D_rt0.4_d1.0_rep1,0.4,0.49166699087574156,1.0,1,206,10dB,2893-139310-0011,baseline,,,0.8084526435372889,4.872999954045824,,False,False,
D_rt0.4_d1.0_rep1,0.4,0.49166699087574156,1.0,1,206,10dB,2893-139310-0011,C1,2,10,0.8000527606877141,4.903875175629952,1.638,False,False,
D_rt0.4_d1.0_rep1,0.4,0.49166699087574156,1.0,1,206,10dB,2893-139310-0011,C2,2,20,0.803696864631661,4.965558759423491,3.118,False,False,
D_rt0.4_d1.0_rep1,0.4,0.49166699087574156,1.0,1,206,10dB,2893-139310-0011,C3,2,30,0.8052846785678441,5.042875091846816,7.238,False,False,
D_rt0.4_d1.0_rep1,0.4,0.49166699087574156,1.0,1,206,10dB,2893-139310-0011,C4,3,10,0.812953223519,5.517935147247458,1.629,False,False,
D_rt0.4_d1.0_rep1,0.4,0.49166699087574156,1.0,1,206,10dB,2893-139310-0011,C5,3,20,0.8173244766927434,5.614788430108044,3.091,False,False,
D_rt0.4_d1.0_rep1,0.4,0.49166699087574156,1.0,1,206,10dB,2893-139310-0011,C6,3,30,0.8184251695617486,5.707950460015855,7.089,False,False,
D_rt0.4_d1.0_rep1,0.4,0.49166699087574156,1.0,1,206,10dB,2893-139310-0011,C7,4,10,0.8249817919214609,6.164219731629512,1.714,False,False,
D_rt0.4_d1.0_rep1,0.4,0.49166699087574156,1.0,1,206,10dB,2893-139310-0011,C8,4,20,0.828786810962126,6.386335379831307,3.127,False,False,
D_rt0.4_d1.0_rep1,0.4,0.49166699087574156,1.0,1,206,10dB,2893-139310-0011,C9,4,30,0.8312964633644232,6.547776318798476,7.135,False,False,
D_rt0.4_d1.0_rep1,0.4,0.49166699087574156,1.0,1,206,10dB,26-495-0064,baseline,,,0.8711977592856764,5.100328099351127,,False,False,
D_rt0.4_d1.0_rep1,0.4,0.49166699087574156,1.0,1,206,10dB,26-495-0064,C1,2,10,0.8605359232257753,4.528820459233791,1.517,False,False,
D_rt0.4_d1.0_rep1,0.4,0.49166699087574156,1.0,1,206,10dB,26-495-0064,C2,2,20,0.8577065169000256,4.463120673755757,3.017,False,False,
D_rt0.4_d1.0_rep1,0.4,0.49166699087574156,1.0,1,206,10dB,26-495-0064,C3,2,30,0.8576654646282603,4.4607902079519075,6.811,False,False,
D_rt0.4_d1.0_rep1,0.4,0.49166699087574156,1.0,1,206,10dB,26-495-0064,C4,3,10,0.8744170170372905,5.403289971776387,1.502,False,False,
D_rt0.4_d1.0_rep1,0.4,0.49166699087574156,1.0,1,206,10dB,26-495-0064,C5,3,20,0.8739849966585951,5.410371416560994,2.858,False,False,
D_rt0.4_d1.0_rep1,0.4,0.49166699087574156,1.0,1,206,10dB,26-495-0064,C6,3,30,0.8736044791738806,5.4107423930758145,6.778,False,False,
D_rt0.4_d1.0_rep1,0.4,0.49166699087574156,1.0,1,206,10dB,26-495-0064,C7,4,10,0.8892607674502945,6.278890164845796,1.511,False,False,
D_rt0.4_d1.0_rep1,0.4,0.49166699087574156,1.0,1,206,10dB,26-495-0064,C8,4,20,0.8903804013930453,6.403611436945859,2.911,False,False,
D_rt0.4_d1.0_rep1,0.4,0.49166699087574156,1.0,1,206,10dB,26-495-0064,C9,4,30,0.8901776810328346,6.427034027663744,7.552,False,False,
D_rt0.4_d2.5_rep0,0.4,0.4974459036090039,2.5,0,207,clean,5808-48608-0028,baseline,,,0.9038176604086259,6.588644197362127,,False,False,
D_rt0.4_d2.5_rep0,0.4,0.4974459036090039,2.5,0,207,clean,5808-48608-0028,C1,2,10,0.8215865757043262,2.180027315464988,1.656,False,False,
D_rt0.4_d2.5_rep0,0.4,0.4974459036090039,2.5,0,207,clean,5808-48608-0028,C2,2,20,0.8268678822944934,2.5763128616464015,3.138,False,False,
D_rt0.4_d2.5_rep0,0.4,0.4974459036090039,2.5,0,207,clean,5808-48608-0028,C3,2,30,0.8192757641776911,2.2828773342244273,7.058,False,False,
D_rt0.4_d2.5_rep0,0.4,0.4974459036090039,2.5,0,207,clean,5808-48608-0028,C4,3,10,0.91548813934685,7.883519271569119,1.693,False,False,
D_rt0.4_d2.5_rep0,0.4,0.4974459036090039,2.5,0,207,clean,5808-48608-0028,C5,3,20,0.8869701565452666,5.686078074032961,3.172,False,False,
D_rt0.4_d2.5_rep0,0.4,0.4974459036090039,2.5,0,207,clean,5808-48608-0028,C6,3,30,0.8760024492937953,5.417019393295229,7.119,False,False,
D_rt0.4_d2.5_rep0,0.4,0.4974459036090039,2.5,0,207,clean,5808-48608-0028,C7,4,10,0.9422013861922328,10.294865460407639,1.631,False,False,
D_rt0.4_d2.5_rep0,0.4,0.4974459036090039,2.5,0,207,clean,5808-48608-0028,C8,4,20,0.9414642323890583,10.268465664982344,3.267,False,False,
D_rt0.4_d2.5_rep0,0.4,0.4974459036090039,2.5,0,207,clean,5808-48608-0028,C9,4,30,0.9372115031640486,9.864491272503779,7.27,False,False,
D_rt0.4_d2.5_rep0,0.4,0.4974459036090039,2.5,0,207,clean,1743-142912-0013,baseline,,,0.9245422150745856,6.728388315646293,,False,False,
D_rt0.4_d2.5_rep0,0.4,0.4974459036090039,2.5,0,207,clean,1743-142912-0013,C1,2,10,0.9207891283355866,5.407855539613555,1.296,False,False,
D_rt0.4_d2.5_rep0,0.4,0.4974459036090039,2.5,0,207,clean,1743-142912-0013,C2,2,20,0.8668477230513969,1.8461986715595393,2.454,False,False,
D_rt0.4_d2.5_rep0,0.4,0.4974459036090039,2.5,0,207,clean,1743-142912-0013,C3,2,30,0.8564102186172246,1.6730406063509682,6.498,False,False,
D_rt0.4_d2.5_rep0,0.4,0.4974459036090039,2.5,0,207,clean,1743-142912-0013,C4,3,10,0.9547931675385595,6.771440089844029,1.315,False,False,
D_rt0.4_d2.5_rep0,0.4,0.4974459036090039,2.5,0,207,clean,1743-142912-0013,C5,3,20,0.9091381398050584,4.868557465364345,2.459,False,False,
D_rt0.4_d2.5_rep0,0.4,0.4974459036090039,2.5,0,207,clean,1743-142912-0013,C6,3,30,0.90840534020306,5.535544400543175,6.136,False,False,
D_rt0.4_d2.5_rep0,0.4,0.4974459036090039,2.5,0,207,clean,1743-142912-0013,C7,4,10,0.9744214811719956,9.30014928496879,1.309,False,False,
D_rt0.4_d2.5_rep0,0.4,0.4974459036090039,2.5,0,207,clean,1743-142912-0013,C8,4,20,0.9492676980666929,8.053653412981525,2.575,False,False,
D_rt0.4_d2.5_rep0,0.4,0.4974459036090039,2.5,0,207,clean,1743-142912-0013,C9,4,30,0.9479549754335413,8.379853591733259,6.099,False,False,
D_rt0.4_d2.5_rep0,0.4,0.4974459036090039,2.5,0,207,clean,1098-133695-0069,baseline,,,0.8938073386840997,6.041299252783702,,False,False,
D_rt0.4_d2.5_rep0,0.4,0.4974459036090039,2.5,0,207,clean,1098-133695-0069,C1,2,10,0.8212195975942702,3.823377151474547,1.527,False,False,
D_rt0.4_d2.5_rep0,0.4,0.4974459036090039,2.5,0,207,clean,1098-133695-0069,C2,2,20,0.7716422012873285,2.2186128477766536,2.871,False,False,
D_rt0.4_d2.5_rep0,0.4,0.4974459036090039,2.5,0,207,clean,1098-133695-0069,C3,2,30,0.765923157130292,1.7385928210933694,7.217,False,False,
D_rt0.4_d2.5_rep0,0.4,0.4974459036090039,2.5,0,207,clean,1098-133695-0069,C4,3,10,0.8998951009572294,6.944074857232834,1.556,False,False,
D_rt0.4_d2.5_rep0,0.4,0.4974459036090039,2.5,0,207,clean,1098-133695-0069,C5,3,20,0.8358081990977917,5.294413281029704,2.896,False,False,
D_rt0.4_d2.5_rep0,0.4,0.4974459036090039,2.5,0,207,clean,1098-133695-0069,C6,3,30,0.8276022585703169,4.931691000943145,6.968,False,False,
D_rt0.4_d2.5_rep0,0.4,0.4974459036090039,2.5,0,207,clean,1098-133695-0069,C7,4,10,0.9316803398065884,9.548956958151365,1.533,False,False,
D_rt0.4_d2.5_rep0,0.4,0.4974459036090039,2.5,0,207,clean,1098-133695-0069,C8,4,20,0.8875040050237257,7.793466455735089,2.92,False,False,
D_rt0.4_d2.5_rep0,0.4,0.4974459036090039,2.5,0,207,clean,1098-133695-0069,C9,4,30,0.8892105158080511,7.669578930325624,6.843,False,False,
D_rt0.4_d2.5_rep0,0.4,0.4974459036090039,2.5,0,207,clean,6848-252323-0022,baseline,,,0.904279176092205,4.843972690473432,,False,False,
D_rt0.4_d2.5_rep0,0.4,0.4974459036090039,2.5,0,207,clean,6848-252323-0022,C1,2,10,0.8161174675314795,3.731921008438916,1.679,False,False,
D_rt0.4_d2.5_rep0,0.4,0.4974459036090039,2.5,0,207,clean,6848-252323-0022,C2,2,20,0.8148981143410753,1.5438257525422674,3.117,False,False,
D_rt0.4_d2.5_rep0,0.4,0.4974459036090039,2.5,0,207,clean,6848-252323-0022,C3,2,30,0.8145931941898319,1.4572609209738194,7.156,False,False,
D_rt0.4_d2.5_rep0,0.4,0.4974459036090039,2.5,0,207,clean,6848-252323-0022,C4,3,10,0.8864793818612415,5.964412314389843,1.613,False,False,
D_rt0.4_d2.5_rep0,0.4,0.4974459036090039,2.5,0,207,clean,6848-252323-0022,C5,3,20,0.8879555611131557,5.871620394044324,3.2,False,False,
D_rt0.4_d2.5_rep0,0.4,0.4974459036090039,2.5,0,207,clean,6848-252323-0022,C6,3,30,0.8858084793070795,5.459222889626797,7.339,False,False,
D_rt0.4_d2.5_rep0,0.4,0.4974459036090039,2.5,0,207,clean,6848-252323-0022,C7,4,10,0.9394995208562986,8.806793215986335,1.608,False,False,
D_rt0.4_d2.5_rep0,0.4,0.4974459036090039,2.5,0,207,clean,6848-252323-0022,C8,4,20,0.9419800329941597,8.966329331062038,3.083,False,False,
D_rt0.4_d2.5_rep0,0.4,0.4974459036090039,2.5,0,207,clean,6848-252323-0022,C9,4,30,0.9393156048632831,8.837151571831557,8.592,False,False,
D_rt0.4_d2.5_rep0,0.4,0.4974459036090039,2.5,0,207,clean,2893-139310-0011,baseline,,,0.8847583560088732,5.9244221439467335,,False,False,
D_rt0.4_d2.5_rep0,0.4,0.4974459036090039,2.5,0,207,clean,2893-139310-0011,C1,2,10,0.8163263083925246,2.1635640904501514,1.634,False,False,
D_rt0.4_d2.5_rep0,0.4,0.4974459036090039,2.5,0,207,clean,2893-139310-0011,C2,2,20,0.82669516369701,2.1543255380383104,3.093,False,False,
D_rt0.4_d2.5_rep0,0.4,0.4974459036090039,2.5,0,207,clean,2893-139310-0011,C3,2,30,0.8211756548671447,1.4204899533763362,7.684,False,False,
D_rt0.4_d2.5_rep0,0.4,0.4974459036090039,2.5,0,207,clean,2893-139310-0011,C4,3,10,0.9032333306785268,6.272559392591928,1.64,False,False,
D_rt0.4_d2.5_rep0,0.4,0.4974459036090039,2.5,0,207,clean,2893-139310-0011,C5,3,20,0.8761633035103207,4.574811954802539,3.114,False,False,
D_rt0.4_d2.5_rep0,0.4,0.4974459036090039,2.5,0,207,clean,2893-139310-0011,C6,3,30,0.8742355326235914,4.294875430375495,7.671,False,False,
D_rt0.4_d2.5_rep0,0.4,0.4974459036090039,2.5,0,207,clean,2893-139310-0011,C7,4,10,0.9162156244742246,5.677170249169526,1.635,False,False,
D_rt0.4_d2.5_rep0,0.4,0.4974459036090039,2.5,0,207,clean,2893-139310-0011,C8,4,20,0.9205716519942985,7.87472323025065,3.091,False,False,
D_rt0.4_d2.5_rep0,0.4,0.4974459036090039,2.5,0,207,clean,2893-139310-0011,C9,4,30,0.9208965949351285,7.534327837984219,7.063,False,False,
D_rt0.4_d2.5_rep0,0.4,0.4974459036090039,2.5,0,207,clean,26-495-0064,baseline,,,0.906671643132044,6.629399244674597,,False,False,
D_rt0.4_d2.5_rep0,0.4,0.4974459036090039,2.5,0,207,clean,26-495-0064,C1,2,10,0.8502957081913536,2.499547976448477,1.502,False,False,
D_rt0.4_d2.5_rep0,0.4,0.4974459036090039,2.5,0,207,clean,26-495-0064,C2,2,20,0.82041218139027,1.2417258512548959,2.95,False,False,
D_rt0.4_d2.5_rep0,0.4,0.4974459036090039,2.5,0,207,clean,26-495-0064,C3,2,30,0.817988432766939,0.584230137448444,6.677,False,False,
D_rt0.4_d2.5_rep0,0.4,0.4974459036090039,2.5,0,207,clean,26-495-0064,C4,3,10,0.9105658324892882,5.73842259950788,1.503,False,False,
D_rt0.4_d2.5_rep0,0.4,0.4974459036090039,2.5,0,207,clean,26-495-0064,C5,3,20,0.8798085863619454,4.788463331789041,2.851,False,False,
D_rt0.4_d2.5_rep0,0.4,0.4974459036090039,2.5,0,207,clean,26-495-0064,C6,3,30,0.8817171510541377,4.66240392746826,6.881,False,False,
D_rt0.4_d2.5_rep0,0.4,0.4974459036090039,2.5,0,207,clean,26-495-0064,C7,4,10,0.9465439940085083,9.062004892247423,1.505,False,False,
D_rt0.4_d2.5_rep0,0.4,0.4974459036090039,2.5,0,207,clean,26-495-0064,C8,4,20,0.9331790521679182,8.028534998738387,2.89,False,False,
D_rt0.4_d2.5_rep0,0.4,0.4974459036090039,2.5,0,207,clean,26-495-0064,C9,4,30,0.9297837735705988,7.526116393739553,7.099,False,False,
D_rt0.4_d2.5_rep0,0.4,0.4974459036090039,2.5,0,207,10dB,5808-48608-0028,baseline,,,0.7851966081290449,4.660553025417999,,False,False,
D_rt0.4_d2.5_rep0,0.4,0.4974459036090039,2.5,0,207,10dB,5808-48608-0028,C1,2,10,0.7745119947833513,4.328689547819669,1.732,False,False,
D_rt0.4_d2.5_rep0,0.4,0.4974459036090039,2.5,0,207,10dB,5808-48608-0028,C2,2,20,0.7779350101303809,4.415838393997956,3.157,False,False,
D_rt0.4_d2.5_rep0,0.4,0.4974459036090039,2.5,0,207,10dB,5808-48608-0028,C3,2,30,0.7791419229608878,4.507598084025727,7.564,False,False,
D_rt0.4_d2.5_rep0,0.4,0.4974459036090039,2.5,0,207,10dB,5808-48608-0028,C4,3,10,0.7947308721276021,5.363192932010578,1.642,False,False,
D_rt0.4_d2.5_rep0,0.4,0.4974459036090039,2.5,0,207,10dB,5808-48608-0028,C5,3,20,0.7989496017330112,5.610637176350868,3.119,False,False,
D_rt0.4_d2.5_rep0,0.4,0.4974459036090039,2.5,0,207,10dB,5808-48608-0028,C6,3,30,0.7997588277663401,5.707557734525289,6.972,False,False,
D_rt0.4_d2.5_rep0,0.4,0.4974459036090039,2.5,0,207,10dB,5808-48608-0028,C7,4,10,0.8140851743921294,6.25283062406719,1.636,False,False,
D_rt0.4_d2.5_rep0,0.4,0.4974459036090039,2.5,0,207,10dB,5808-48608-0028,C8,4,20,0.8179525773813324,6.5848901993362565,3.256,False,False,
D_rt0.4_d2.5_rep0,0.4,0.4974459036090039,2.5,0,207,10dB,5808-48608-0028,C9,4,30,0.8188662276019114,6.7071824242875655,7.076,False,False,
D_rt0.4_d2.5_rep0,0.4,0.4974459036090039,2.5,0,207,10dB,1743-142912-0013,baseline,,,0.8526344826209511,4.767627019879788,,False,False,
D_rt0.4_d2.5_rep0,0.4,0.4974459036090039,2.5,0,207,10dB,1743-142912-0013,C1,2,10,0.8508012167185026,4.344578217702756,1.293,False,False,
D_rt0.4_d2.5_rep0,0.4,0.4974459036090039,2.5,0,207,10dB,1743-142912-0013,C2,2,20,0.853024755909482,4.5524575704846555,2.459,False,False,
D_rt0.4_d2.5_rep0,0.4,0.4974459036090039,2.5,0,207,10dB,1743-142912-0013,C3,2,30,0.8534656382163295,4.545433108440741,6.939,False,False,
D_rt0.4_d2.5_rep0,0.4,0.4974459036090039,2.5,0,207,10dB,1743-142912-0013,C4,3,10,0.8640679189297763,5.056782189497016,1.309,False,False,
D_rt0.4_d2.5_rep0,0.4,0.4974459036090039,2.5,0,207,10dB,1743-142912-0013,C5,3,20,0.8663760896170533,5.3662813788963595,2.445,False,False,
D_rt0.4_d2.5_rep0,0.4,0.4974459036090039,2.5,0,207,10dB,1743-142912-0013,C6,3,30,0.8672228927646143,5.465492065901236,6.148,False,False,
D_rt0.4_d2.5_rep0,0.4,0.4974459036090039,2.5,0,207,10dB,1743-142912-0013,C7,4,10,0.8757098335829644,5.7836531757082765,1.324,False,False,
D_rt0.4_d2.5_rep0,0.4,0.4974459036090039,2.5,0,207,10dB,1743-142912-0013,C8,4,20,0.8786745727926979,6.153535501517018,2.464,False,False,
D_rt0.4_d2.5_rep0,0.4,0.4974459036090039,2.5,0,207,10dB,1743-142912-0013,C9,4,30,0.8797103543134992,6.305261116871085,6.174,False,False,
D_rt0.4_d2.5_rep0,0.4,0.4974459036090039,2.5,0,207,10dB,1098-133695-0069,baseline,,,0.7575018314505453,4.247791581672206,,False,False,
D_rt0.4_d2.5_rep0,0.4,0.4974459036090039,2.5,0,207,10dB,1098-133695-0069,C1,2,10,0.7737719551603238,4.527783848053099,1.528,False,False,
D_rt0.4_d2.5_rep0,0.4,0.4974459036090039,2.5,0,207,10dB,1098-133695-0069,C2,2,20,0.7799785291069515,4.829057913716893,2.961,False,False,
D_rt0.4_d2.5_rep0,0.4,0.4974459036090039,2.5,0,207,10dB,1098-133695-0069,C3,2,30,0.7819213339362994,4.994089820402885,6.889,False,False,
D_rt0.4_d2.5_rep0,0.4,0.4974459036090039,2.5,0,207,10dB,1098-133695-0069,C4,3,10,0.7890194380449147,5.116862856511229,1.523,False,False,
D_rt0.4_d2.5_rep0,0.4,0.4974459036090039,2.5,0,207,10dB,1098-133695-0069,C5,3,20,0.7958009046172306,5.523425725222167,2.866,False,False,
D_rt0.4_d2.5_rep0,0.4,0.4974459036090039,2.5,0,207,10dB,1098-133695-0069,C6,3,30,0.798419239266568,5.769507814942675,7.324,False,False,
D_rt0.4_d2.5_rep0,0.4,0.4974459036090039,2.5,0,207,10dB,1098-133695-0069,C7,4,10,0.7997468743017377,5.780995973434536,1.526,False,False,
D_rt0.4_d2.5_rep0,0.4,0.4974459036090039,2.5,0,207,10dB,1098-133695-0069,C8,4,20,0.8074818041338344,6.305905689228336,2.933,False,False,
D_rt0.4_d2.5_rep0,0.4,0.4974459036090039,2.5,0,207,10dB,1098-133695-0069,C9,4,30,0.8100675688577962,6.578801886529469,6.834,False,False,
D_rt0.4_d2.5_rep0,0.4,0.4974459036090039,2.5,0,207,10dB,6848-252323-0022,baseline,,,0.7413933143749389,3.379404829300112,,False,False,
D_rt0.4_d2.5_rep0,0.4,0.4974459036090039,2.5,0,207,10dB,6848-252323-0022,C1,2,10,0.7356622566772949,3.45913655522432,1.687,False,False,
D_rt0.4_d2.5_rep0,0.4,0.4974459036090039,2.5,0,207,10dB,6848-252323-0022,C2,2,20,0.7383061183557242,3.6122987010719814,3.069,False,False,
D_rt0.4_d2.5_rep0,0.4,0.4974459036090039,2.5,0,207,10dB,6848-252323-0022,C3,2,30,0.7398412542465145,3.6730201692413744,7.099,False,False,
D_rt0.4_d2.5_rep0,0.4,0.4974459036090039,2.5,0,207,10dB,6848-252323-0022,C4,3,10,0.7580191656040706,4.590395420149318,1.618,False,False,
D_rt0.4_d2.5_rep0,0.4,0.4974459036090039,2.5,0,207,10dB,6848-252323-0022,C5,3,20,0.7622463730983512,4.88488489206793,3.136,False,False,
D_rt0.4_d2.5_rep0,0.4,0.4974459036090039,2.5,0,207,10dB,6848-252323-0022,C6,3,30,0.762996061196794,4.977222538288138,8.199,False,False,
D_rt0.4_d2.5_rep0,0.4,0.4974459036090039,2.5,0,207,10dB,6848-252323-0022,C7,4,10,0.7710541155910113,5.227086941517314,1.654,False,False,
D_rt0.4_d2.5_rep0,0.4,0.4974459036090039,2.5,0,207,10dB,6848-252323-0022,C8,4,20,0.7746403980475031,5.537347026431631,3.216,False,False,
D_rt0.4_d2.5_rep0,0.4,0.4974459036090039,2.5,0,207,10dB,6848-252323-0022,C9,4,30,0.7757417215217003,5.678766355253746,7.083,False,False,
D_rt0.4_d2.5_rep0,0.4,0.4974459036090039,2.5,0,207,10dB,2893-139310-0011,baseline,,,0.784972360429386,4.194314147766807,,False,False,
D_rt0.4_d2.5_rep0,0.4,0.4974459036090039,2.5,0,207,10dB,2893-139310-0011,C1,2,10,0.7901604966853003,4.181313256588473,1.622,False,False,
D_rt0.4_d2.5_rep0,0.4,0.4974459036090039,2.5,0,207,10dB,2893-139310-0011,C2,2,20,0.7945253590354125,4.328665513798993,3.121,False,False,
D_rt0.4_d2.5_rep0,0.4,0.4974459036090039,2.5,0,207,10dB,2893-139310-0011,C3,2,30,0.7962578500172736,4.412534104248062,7.354,False,False,
D_rt0.4_d2.5_rep0,0.4,0.4974459036090039,2.5,0,207,10dB,2893-139310-0011,C4,3,10,0.7980897900095774,4.7614693216106945,1.633,False,False,
D_rt0.4_d2.5_rep0,0.4,0.4974459036090039,2.5,0,207,10dB,2893-139310-0011,C5,3,20,0.8035603807916732,4.994914171354823,3.097,False,False,
D_rt0.4_d2.5_rep0,0.4,0.4974459036090039,2.5,0,207,10dB,2893-139310-0011,C6,3,30,0.8048811160423416,5.105277508469539,7.431,False,False,
D_rt0.4_d2.5_rep0,0.4,0.4974459036090039,2.5,0,207,10dB,2893-139310-0011,C7,4,10,0.8165413670096194,5.635281655072363,1.63,False,False,
D_rt0.4_d2.5_rep0,0.4,0.4974459036090039,2.5,0,207,10dB,2893-139310-0011,C8,4,20,0.8213272948026737,5.924148646018583,3.095,False,False,
D_rt0.4_d2.5_rep0,0.4,0.4974459036090039,2.5,0,207,10dB,2893-139310-0011,C9,4,30,0.8220526492433307,6.05470877217882,7.248,False,False,
D_rt0.4_d2.5_rep0,0.4,0.4974459036090039,2.5,0,207,10dB,26-495-0064,baseline,,,0.8466433676222764,4.707491759207158,,False,False,
D_rt0.4_d2.5_rep0,0.4,0.4974459036090039,2.5,0,207,10dB,26-495-0064,C1,2,10,0.8409482661826637,3.965715751777573,1.565,False,False,
D_rt0.4_d2.5_rep0,0.4,0.4974459036090039,2.5,0,207,10dB,26-495-0064,C2,2,20,0.8443387519614886,4.108489166843177,2.863,False,False,
D_rt0.4_d2.5_rep0,0.4,0.4974459036090039,2.5,0,207,10dB,26-495-0064,C3,2,30,0.8460685487093752,4.186065331037281,6.794,False,False,
D_rt0.4_d2.5_rep0,0.4,0.4974459036090039,2.5,0,207,10dB,26-495-0064,C4,3,10,0.8631081361977213,5.198807898141451,1.528,False,False,
D_rt0.4_d2.5_rep0,0.4,0.4974459036090039,2.5,0,207,10dB,26-495-0064,C5,3,20,0.8671808942163081,5.415446020112936,3.067,False,False,
D_rt0.4_d2.5_rep0,0.4,0.4974459036090039,2.5,0,207,10dB,26-495-0064,C6,3,30,0.8685218734307902,5.493994100177537,6.658,False,False,
D_rt0.4_d2.5_rep0,0.4,0.4974459036090039,2.5,0,207,10dB,26-495-0064,C7,4,10,0.8774470745954298,6.044140297443317,1.501,False,False,
D_rt0.4_d2.5_rep0,0.4,0.4974459036090039,2.5,0,207,10dB,26-495-0064,C8,4,20,0.8813347164525668,6.276945870133971,2.86,False,False,
D_rt0.4_d2.5_rep0,0.4,0.4974459036090039,2.5,0,207,10dB,26-495-0064,C9,4,30,0.8825717288688859,6.366372981211578,7.327,False,False,
D_rt0.4_d2.5_rep1,0.4,0.4974459036090039,2.5,1,208,clean,5808-48608-0028,baseline,,,0.9038176604086259,6.588644197362127,,False,False,
D_rt0.4_d2.5_rep1,0.4,0.4974459036090039,2.5,1,208,clean,5808-48608-0028,C1,2,10,0.8215865757043262,2.180027315464988,1.676,False,False,
D_rt0.4_d2.5_rep1,0.4,0.4974459036090039,2.5,1,208,clean,5808-48608-0028,C2,2,20,0.8268678822944934,2.5763128616464015,3.155,False,False,
D_rt0.4_d2.5_rep1,0.4,0.4974459036090039,2.5,1,208,clean,5808-48608-0028,C3,2,30,0.8192757641776911,2.2828773342244273,7.903,False,False,
D_rt0.4_d2.5_rep1,0.4,0.4974459036090039,2.5,1,208,clean,5808-48608-0028,C4,3,10,0.91548813934685,7.883519271569119,1.642,False,False,
D_rt0.4_d2.5_rep1,0.4,0.4974459036090039,2.5,1,208,clean,5808-48608-0028,C5,3,20,0.8869701565452666,5.686078074032961,3.117,False,False,
D_rt0.4_d2.5_rep1,0.4,0.4974459036090039,2.5,1,208,clean,5808-48608-0028,C6,3,30,0.8760024492937953,5.417019393295229,7.066,False,False,
D_rt0.4_d2.5_rep1,0.4,0.4974459036090039,2.5,1,208,clean,5808-48608-0028,C7,4,10,0.9422013861922328,10.294865460407639,1.644,False,False,
D_rt0.4_d2.5_rep1,0.4,0.4974459036090039,2.5,1,208,clean,5808-48608-0028,C8,4,20,0.9414642323890583,10.268465664982344,3.186,False,False,
D_rt0.4_d2.5_rep1,0.4,0.4974459036090039,2.5,1,208,clean,5808-48608-0028,C9,4,30,0.9372115031640486,9.864491272503779,7.056,False,False,
D_rt0.4_d2.5_rep1,0.4,0.4974459036090039,2.5,1,208,clean,1743-142912-0013,baseline,,,0.9245422150745856,6.728388315646293,,False,False,
D_rt0.4_d2.5_rep1,0.4,0.4974459036090039,2.5,1,208,clean,1743-142912-0013,C1,2,10,0.9207891283355866,5.407855539613555,1.303,False,False,
D_rt0.4_d2.5_rep1,0.4,0.4974459036090039,2.5,1,208,clean,1743-142912-0013,C2,2,20,0.8668477230513969,1.8461986715595393,2.468,False,False,
D_rt0.4_d2.5_rep1,0.4,0.4974459036090039,2.5,1,208,clean,1743-142912-0013,C3,2,30,0.8564102186172246,1.6730406063509682,6.229,False,False,
D_rt0.4_d2.5_rep1,0.4,0.4974459036090039,2.5,1,208,clean,1743-142912-0013,C4,3,10,0.9547931675385595,6.771440089844029,1.33,False,False,
D_rt0.4_d2.5_rep1,0.4,0.4974459036090039,2.5,1,208,clean,1743-142912-0013,C5,3,20,0.9091381398050584,4.868557465364345,2.514,False,False,
D_rt0.4_d2.5_rep1,0.4,0.4974459036090039,2.5,1,208,clean,1743-142912-0013,C6,3,30,0.90840534020306,5.535544400543175,6.914,False,False,
D_rt0.4_d2.5_rep1,0.4,0.4974459036090039,2.5,1,208,clean,1743-142912-0013,C7,4,10,0.9744214811719956,9.30014928496879,1.316,False,False,
D_rt0.4_d2.5_rep1,0.4,0.4974459036090039,2.5,1,208,clean,1743-142912-0013,C8,4,20,0.9492676980666929,8.053653412981525,2.511,False,False,
D_rt0.4_d2.5_rep1,0.4,0.4974459036090039,2.5,1,208,clean,1743-142912-0013,C9,4,30,0.9479549754335413,8.379853591733259,6.189,False,False,
D_rt0.4_d2.5_rep1,0.4,0.4974459036090039,2.5,1,208,clean,1098-133695-0069,baseline,,,0.8938073386840997,6.041299252783702,,False,False,
D_rt0.4_d2.5_rep1,0.4,0.4974459036090039,2.5,1,208,clean,1098-133695-0069,C1,2,10,0.8212195975942702,3.823377151474547,1.522,False,False,
D_rt0.4_d2.5_rep1,0.4,0.4974459036090039,2.5,1,208,clean,1098-133695-0069,C2,2,20,0.7716422012873285,2.2186128477766536,2.924,False,False,
D_rt0.4_d2.5_rep1,0.4,0.4974459036090039,2.5,1,208,clean,1098-133695-0069,C3,2,30,0.765923157130292,1.7385928210933694,6.749,False,False,
D_rt0.4_d2.5_rep1,0.4,0.4974459036090039,2.5,1,208,clean,1098-133695-0069,C4,3,10,0.8998951009572294,6.944074857232834,1.515,False,False,
D_rt0.4_d2.5_rep1,0.4,0.4974459036090039,2.5,1,208,clean,1098-133695-0069,C5,3,20,0.8358081990977917,5.294413281029704,2.886,False,False,
D_rt0.4_d2.5_rep1,0.4,0.4974459036090039,2.5,1,208,clean,1098-133695-0069,C6,3,30,0.8276022585703169,4.931691000943145,6.977,False,False,
D_rt0.4_d2.5_rep1,0.4,0.4974459036090039,2.5,1,208,clean,1098-133695-0069,C7,4,10,0.9316803398065884,9.548956958151365,1.519,False,False,
D_rt0.4_d2.5_rep1,0.4,0.4974459036090039,2.5,1,208,clean,1098-133695-0069,C8,4,20,0.8875040050237257,7.793466455735089,2.876,False,False,
D_rt0.4_d2.5_rep1,0.4,0.4974459036090039,2.5,1,208,clean,1098-133695-0069,C9,4,30,0.8892105158080511,7.669578930325624,7.444,False,False,
D_rt0.4_d2.5_rep1,0.4,0.4974459036090039,2.5,1,208,clean,6848-252323-0022,baseline,,,0.904279176092205,4.843972690473432,,False,False,
D_rt0.4_d2.5_rep1,0.4,0.4974459036090039,2.5,1,208,clean,6848-252323-0022,C1,2,10,0.8161174675314795,3.731921008438916,1.601,False,False,
D_rt0.4_d2.5_rep1,0.4,0.4974459036090039,2.5,1,208,clean,6848-252323-0022,C2,2,20,0.8148981143410753,1.5438257525422674,3.094,False,False,
D_rt0.4_d2.5_rep1,0.4,0.4974459036090039,2.5,1,208,clean,6848-252323-0022,C3,2,30,0.8145931941898319,1.4572609209738194,7.313,False,False,
D_rt0.4_d2.5_rep1,0.4,0.4974459036090039,2.5,1,208,clean,6848-252323-0022,C4,3,10,0.8864793818612415,5.964412314389843,1.647,False,False,
D_rt0.4_d2.5_rep1,0.4,0.4974459036090039,2.5,1,208,clean,6848-252323-0022,C5,3,20,0.8879555611131557,5.871620394044324,3.148,False,False,
D_rt0.4_d2.5_rep1,0.4,0.4974459036090039,2.5,1,208,clean,6848-252323-0022,C6,3,30,0.8858084793070795,5.459222889626797,7.027,False,False,
D_rt0.4_d2.5_rep1,0.4,0.4974459036090039,2.5,1,208,clean,6848-252323-0022,C7,4,10,0.9394995208562986,8.806793215986335,1.61,False,False,
D_rt0.4_d2.5_rep1,0.4,0.4974459036090039,2.5,1,208,clean,6848-252323-0022,C8,4,20,0.9419800329941597,8.966329331062038,3.174,False,False,
D_rt0.4_d2.5_rep1,0.4,0.4974459036090039,2.5,1,208,clean,6848-252323-0022,C9,4,30,0.9393156048632831,8.837151571831557,7.059,False,False,
D_rt0.4_d2.5_rep1,0.4,0.4974459036090039,2.5,1,208,clean,2893-139310-0011,baseline,,,0.8847583560088732,5.9244221439467335,,False,False,
D_rt0.4_d2.5_rep1,0.4,0.4974459036090039,2.5,1,208,clean,2893-139310-0011,C1,2,10,0.8163263083925246,2.1635640904501514,1.631,False,False,
D_rt0.4_d2.5_rep1,0.4,0.4974459036090039,2.5,1,208,clean,2893-139310-0011,C2,2,20,0.82669516369701,2.1543255380383104,3.115,False,False,
D_rt0.4_d2.5_rep1,0.4,0.4974459036090039,2.5,1,208,clean,2893-139310-0011,C3,2,30,0.8211756548671447,1.4204899533763362,7.79,False,False,
D_rt0.4_d2.5_rep1,0.4,0.4974459036090039,2.5,1,208,clean,2893-139310-0011,C4,3,10,0.9032333306785268,6.272559392591928,1.632,False,False,
D_rt0.4_d2.5_rep1,0.4,0.4974459036090039,2.5,1,208,clean,2893-139310-0011,C5,3,20,0.8761633035103207,4.574811954802539,3.117,False,False,
D_rt0.4_d2.5_rep1,0.4,0.4974459036090039,2.5,1,208,clean,2893-139310-0011,C6,3,30,0.8742355326235914,4.294875430375495,7.341,False,False,
D_rt0.4_d2.5_rep1,0.4,0.4974459036090039,2.5,1,208,clean,2893-139310-0011,C7,4,10,0.9162156244742246,5.677170249169526,1.648,False,False,
D_rt0.4_d2.5_rep1,0.4,0.4974459036090039,2.5,1,208,clean,2893-139310-0011,C8,4,20,0.9205716519942985,7.87472323025065,3.085,False,False,
D_rt0.4_d2.5_rep1,0.4,0.4974459036090039,2.5,1,208,clean,2893-139310-0011,C9,4,30,0.9208965949351285,7.534327837984219,7.193,False,False,
D_rt0.4_d2.5_rep1,0.4,0.4974459036090039,2.5,1,208,clean,26-495-0064,baseline,,,0.906671643132044,6.629399244674597,,False,False,
D_rt0.4_d2.5_rep1,0.4,0.4974459036090039,2.5,1,208,clean,26-495-0064,C1,2,10,0.8502957081913536,2.499547976448477,1.6,False,False,
D_rt0.4_d2.5_rep1,0.4,0.4974459036090039,2.5,1,208,clean,26-495-0064,C2,2,20,0.82041218139027,1.2417258512548959,2.865,False,False,
D_rt0.4_d2.5_rep1,0.4,0.4974459036090039,2.5,1,208,clean,26-495-0064,C3,2,30,0.817988432766939,0.584230137448444,6.831,False,False,
D_rt0.4_d2.5_rep1,0.4,0.4974459036090039,2.5,1,208,clean,26-495-0064,C4,3,10,0.9105658324892882,5.73842259950788,1.514,False,False,
D_rt0.4_d2.5_rep1,0.4,0.4974459036090039,2.5,1,208,clean,26-495-0064,C5,3,20,0.8798085863619454,4.788463331789041,2.945,False,False,
D_rt0.4_d2.5_rep1,0.4,0.4974459036090039,2.5,1,208,clean,26-495-0064,C6,3,30,0.8817171510541377,4.66240392746826,6.67,False,False,
D_rt0.4_d2.5_rep1,0.4,0.4974459036090039,2.5,1,208,clean,26-495-0064,C7,4,10,0.9465439940085083,9.062004892247423,1.512,False,False,
D_rt0.4_d2.5_rep1,0.4,0.4974459036090039,2.5,1,208,clean,26-495-0064,C8,4,20,0.9331790521679182,8.028534998738387,2.862,False,False,
D_rt0.4_d2.5_rep1,0.4,0.4974459036090039,2.5,1,208,clean,26-495-0064,C9,4,30,0.9297837735705988,7.526116393739553,6.973,False,False,
D_rt0.4_d2.5_rep1,0.4,0.4974459036090039,2.5,1,208,10dB,5808-48608-0028,baseline,,,0.7816560239261902,4.664230449388036,,False,False,
D_rt0.4_d2.5_rep1,0.4,0.4974459036090039,2.5,1,208,10dB,5808-48608-0028,C1,2,10,0.7700874652093056,4.369286125260381,1.651,False,False,
D_rt0.4_d2.5_rep1,0.4,0.4974459036090039,2.5,1,208,10dB,5808-48608-0028,C2,2,20,0.7733966004720115,4.495340417051304,3.126,False,False,
D_rt0.4_d2.5_rep1,0.4,0.4974459036090039,2.5,1,208,10dB,5808-48608-0028,C3,2,30,0.7754826996891312,4.565086313058069,7.53,False,False,
D_rt0.4_d2.5_rep1,0.4,0.4974459036090039,2.5,1,208,10dB,5808-48608-0028,C4,3,10,0.7913564189152706,5.3908055065504925,1.635,False,False,
D_rt0.4_d2.5_rep1,0.4,0.4974459036090039,2.5,1,208,10dB,5808-48608-0028,C5,3,20,0.7959430647479359,5.61729494318533,3.087,False,False,
D_rt0.4_d2.5_rep1,0.4,0.4974459036090039,2.5,1,208,10dB,5808-48608-0028,C6,3,30,0.7980295774862474,5.6895782400259804,7.216,False,False,
D_rt0.4_d2.5_rep1,0.4,0.4974459036090039,2.5,1,208,10dB,5808-48608-0028,C7,4,10,0.8106957993717783,6.265725611397879,1.738,False,False,
D_rt0.4_d2.5_rep1,0.4,0.4974459036090039,2.5,1,208,10dB,5808-48608-0028,C8,4,20,0.8154472880393897,6.603313069746094,3.119,False,False,
D_rt0.4_d2.5_rep1,0.4,0.4974459036090039,2.5,1,208,10dB,5808-48608-0028,C9,4,30,0.8172016043876515,6.7035365718345785,7.165,False,False,
D_rt0.4_d2.5_rep1,0.4,0.4974459036090039,2.5,1,208,10dB,1743-142912-0013,baseline,,,0.8575925222754309,4.765344058889875,,False,False,
D_rt0.4_d2.5_rep1,0.4,0.4974459036090039,2.5,1,208,10dB,1743-142912-0013,C1,2,10,0.8536838360274125,4.3163734261751125,1.29,False,False,
D_rt0.4_d2.5_rep1,0.4,0.4974459036090039,2.5,1,208,10dB,1743-142912-0013,C2,2,20,0.8568305986304506,4.464690060628128,2.481,False,False,
D_rt0.4_d2.5_rep1,0.4,0.4974459036090039,2.5,1,208,10dB,1743-142912-0013,C3,2,30,0.858217658250658,4.441327689284346,6.257,False,False,
D_rt0.4_d2.5_rep1,0.4,0.4974459036090039,2.5,1,208,10dB,1743-142912-0013,C4,3,10,0.8663473196683643,5.054091259026955,1.299,False,False,
D_rt0.4_d2.5_rep1,0.4,0.4974459036090039,2.5,1,208,10dB,1743-142912-0013,C5,3,20,0.8695529193244055,5.290883922521502,2.456,False,False,
D_rt0.4_d2.5_rep1,0.4,0.4974459036090039,2.5,1,208,10dB,1743-142912-0013,C6,3,30,0.871364053027661,5.353056096057617,6.95,False,False,
D_rt0.4_d2.5_rep1,0.4,0.4974459036090039,2.5,1,208,10dB,1743-142912-0013,C7,4,10,0.8797641646921164,5.756670847505065,1.301,False,False,
D_rt0.4_d2.5_rep1,0.4,0.4974459036090039,2.5,1,208,10dB,1743-142912-0013,C8,4,20,0.883526852702465,6.035151025006487,2.473,False,False,
D_rt0.4_d2.5_rep1,0.4,0.4974459036090039,2.5,1,208,10dB,1743-142912-0013,C9,4,30,0.8846782635279169,6.170734411139664,6.19,False,False,
D_rt0.4_d2.5_rep1,0.4,0.4974459036090039,2.5,1,208,10dB,1098-133695-0069,baseline,,,0.7618107950132206,4.2586607593429875,,False,False,
D_rt0.4_d2.5_rep1,0.4,0.4974459036090039,2.5,1,208,10dB,1098-133695-0069,C1,2,10,0.7782871476140584,4.537520451271453,1.504,False,False,
D_rt0.4_d2.5_rep1,0.4,0.4974459036090039,2.5,1,208,10dB,1098-133695-0069,C2,2,20,0.7840280347093769,4.864444510102906,3.031,False,False,
D_rt0.4_d2.5_rep1,0.4,0.4974459036090039,2.5,1,208,10dB,1098-133695-0069,C3,2,30,0.7860663945525624,5.039966810917225,6.82,False,False,
D_rt0.4_d2.5_rep1,0.4,0.4974459036090039,2.5,1,208,10dB,1098-133695-0069,C4,3,10,0.7929543892833142,5.081550367953653,1.531,False,False,
D_rt0.4_d2.5_rep1,0.4,0.4974459036090039,2.5,1,208,10dB,1098-133695-0069,C5,3,20,0.7990875347191968,5.527795931377252,2.92,False,False,
D_rt0.4_d2.5_rep1,0.4,0.4974459036090039,2.5,1,208,10dB,1098-133695-0069,C6,3,30,0.8015838088822229,5.773112286884585,6.974,False,False,
D_rt0.4_d2.5_rep1,0.4,0.4974459036090039,2.5,1,208,10dB,1098-133695-0069,C7,4,10,0.8042421013787403,5.756969711663336,1.528,False,False,
D_rt0.4_d2.5_rep1,0.4,0.4974459036090039,2.5,1,208,10dB,1098-133695-0069,C8,4,20,0.811111377234358,6.294753179733572,2.923,False,False,
D_rt0.4_d2.5_rep1,0.4,0.4974459036090039,2.5,1,208,10dB,1098-133695-0069,C9,4,30,0.8142928996872858,6.601388663833077,7.217,False,False,
D_rt0.4_d2.5_rep1,0.4,0.4974459036090039,2.5,1,208,10dB,6848-252323-0022,baseline,,,0.7420532434923421,3.369892260696003,,False,False,
D_rt0.4_d2.5_rep1,0.4,0.4974459036090039,2.5,1,208,10dB,6848-252323-0022,C1,2,10,0.7369581303567123,3.3672025279869273,1.605,False,False,
D_rt0.4_d2.5_rep1,0.4,0.4974459036090039,2.5,1,208,10dB,6848-252323-0022,C2,2,20,0.7408063085800346,3.5609285937565485,3.055,False,False,
D_rt0.4_d2.5_rep1,0.4,0.4974459036090039,2.5,1,208,10dB,6848-252323-0022,C3,2,30,0.7410832660137934,3.602689744391476,7.143,False,False,
D_rt0.4_d2.5_rep1,0.4,0.4974459036090039,2.5,1,208,10dB,6848-252323-0022,C4,3,10,0.7583649551886501,4.498907813680007,1.646,False,False,
D_rt0.4_d2.5_rep1,0.4,0.4974459036090039,2.5,1,208,10dB,6848-252323-0022,C5,3,20,0.7641067420359654,4.817363259229527,3.053,False,False,
D_rt0.4_d2.5_rep1,0.4,0.4974459036090039,2.5,1,208,10dB,6848-252323-0022,C6,3,30,0.7644129576560883,4.916491006252365,7.147,False,False,
D_rt0.4_d2.5_rep1,0.4,0.4974459036090039,2.5,1,208,10dB,6848-252323-0022,C7,4,10,0.7718911857485903,5.113604144672278,1.598,False,False,
D_rt0.4_d2.5_rep1,0.4,0.4974459036090039,2.5,1,208,10dB,6848-252323-0022,C8,4,20,0.7763495854328002,5.4262785056052385,3.204,False,False,
D_rt0.4_d2.5_rep1,0.4,0.4974459036090039,2.5,1,208,10dB,6848-252323-0022,C9,4,30,0.7767616288178188,5.563803560664019,7.113,False,False,
D_rt0.4_d2.5_rep1,0.4,0.4974459036090039,2.5,1,208,10dB,2893-139310-0011,baseline,,,0.7836388998168806,4.181656874359415,,False,False,
D_rt0.4_d2.5_rep1,0.4,0.4974459036090039,2.5,1,208,10dB,2893-139310-0011,C1,2,10,0.7890560668177495,4.179916843487188,1.642,False,False,
D_rt0.4_d2.5_rep1,0.4,0.4974459036090039,2.5,1,208,10dB,2893-139310-0011,C2,2,20,0.7929291272760547,4.340914884069061,3.114,False,False,
D_rt0.4_d2.5_rep1,0.4,0.4974459036090039,2.5,1,208,10dB,2893-139310-0011,C3,2,30,0.7939538181829805,4.395760177410633,7.61,False,False,
D_rt0.4_d2.5_rep1,0.4,0.4974459036090039,2.5,1,208,10dB,2893-139310-0011,C4,3,10,0.7962740689356287,4.721615345097244,1.637,False,False,
D_rt0.4_d2.5_rep1,0.4,0.4974459036090039,2.5,1,208,10dB,2893-139310-0011,C5,3,20,0.8013713096035073,4.963478838791876,3.114,False,False,
D_rt0.4_d2.5_rep1,0.4,0.4974459036090039,2.5,1,208,10dB,2893-139310-0011,C6,3,30,0.8024274989183257,5.047126021961801,7.238,False,False,
D_rt0.4_d2.5_rep1,0.4,0.4974459036090039,2.5,1,208,10dB,2893-139310-0011,C7,4,10,0.8140998359395546,5.5300183979604025,1.644,False,False,
D_rt0.4_d2.5_rep1,0.4,0.4974459036090039,2.5,1,208,10dB,2893-139310-0011,C8,4,20,0.8191663841484335,5.831778901016231,3.115,False,False,
D_rt0.4_d2.5_rep1,0.4,0.4974459036090039,2.5,1,208,10dB,2893-139310-0011,C9,4,30,0.8205910599410126,5.970360176378913,7.117,False,False,
D_rt0.4_d2.5_rep1,0.4,0.4974459036090039,2.5,1,208,10dB,26-495-0064,baseline,,,0.8473453034056635,4.709995026532929,,False,False,
D_rt0.4_d2.5_rep1,0.4,0.4974459036090039,2.5,1,208,10dB,26-495-0064,C1,2,10,0.8381587113868689,3.9043028638480655,1.555,False,False,
D_rt0.4_d2.5_rep1,0.4,0.4974459036090039,2.5,1,208,10dB,26-495-0064,C2,2,20,0.8434944497611742,4.0469443155226585,2.872,False,False,
D_rt0.4_d2.5_rep1,0.4,0.4974459036090039,2.5,1,208,10dB,26-495-0064,C3,2,30,0.8458150139481101,4.129525525100325,6.773,False,False,
D_rt0.4_d2.5_rep1,0.4,0.4974459036090039,2.5,1,208,10dB,26-495-0064,C4,3,10,0.8614162992754669,5.185195566865057,1.505,False,False,
D_rt0.4_d2.5_rep1,0.4,0.4974459036090039,2.5,1,208,10dB,26-495-0064,C5,3,20,0.8667777625867351,5.3880876168412914,3.117,False,False,
D_rt0.4_d2.5_rep1,0.4,0.4974459036090039,2.5,1,208,10dB,26-495-0064,C6,3,30,0.8689073818651621,5.478986859452659,6.714,False,False,
D_rt0.4_d2.5_rep1,0.4,0.4974459036090039,2.5,1,208,10dB,26-495-0064,C7,4,10,0.8756576770248964,6.006327289724737,1.518,False,False,
D_rt0.4_d2.5_rep1,0.4,0.4974459036090039,2.5,1,208,10dB,26-495-0064,C8,4,20,0.8811740080604394,6.2448623170523865,2.837,False,False,
D_rt0.4_d2.5_rep1,0.4,0.4974459036090039,2.5,1,208,10dB,26-495-0064,C9,4,30,0.8823137809951679,6.327938814815816,7.083,False,False,
D_rt0.6_d1.0_rep0,0.6,0.779538204293136,1.0,0,209,clean,5808-48608-0028,baseline,,,0.8172873561945556,2.319744017341699,,False,False,
D_rt0.6_d1.0_rep0,0.6,0.779538204293136,1.0,0,209,clean,5808-48608-0028,C1,2,10,0.8492502065328537,3.106936265403026,1.696,False,False,
D_rt0.6_d1.0_rep0,0.6,0.779538204293136,1.0,0,209,clean,5808-48608-0028,C2,2,20,0.7864691869988035,1.7449052816742385,3.206,False,False,
D_rt0.6_d1.0_rep0,0.6,0.779538204293136,1.0,0,209,clean,5808-48608-0028,C3,2,30,0.7507671849701758,0.042505417069377514,7.364,False,False,
D_rt0.6_d1.0_rep0,0.6,0.779538204293136,1.0,0,209,clean,5808-48608-0028,C4,3,10,0.8736553653725754,4.368932022005724,1.688,False,False,
D_rt0.6_d1.0_rep0,0.6,0.779538204293136,1.0,0,209,clean,5808-48608-0028,C5,3,20,0.8307673990109705,3.2278491234328226,3.209,False,False,
D_rt0.6_d1.0_rep0,0.6,0.779538204293136,1.0,0,209,clean,5808-48608-0028,C6,3,30,0.8164774317846666,2.220456763936367,7.239,False,False,
D_rt0.6_d1.0_rep0,0.6,0.779538204293136,1.0,0,209,clean,5808-48608-0028,C7,4,10,0.8930010155528575,5.286083098841734,1.753,False,False,
D_rt0.6_d1.0_rep0,0.6,0.779538204293136,1.0,0,209,clean,5808-48608-0028,C8,4,20,0.8744459255462464,4.7494306093879946,3.271,False,False,
D_rt0.6_d1.0_rep0,0.6,0.779538204293136,1.0,0,209,clean,5808-48608-0028,C9,4,30,0.8634827178602835,4.893170056548764,7.329,False,False,
D_rt0.6_d1.0_rep0,0.6,0.779538204293136,1.0,0,209,clean,1743-142912-0013,baseline,,,0.8648636354501532,2.5205157406402727,,False,False,
D_rt0.6_d1.0_rep0,0.6,0.779538204293136,1.0,0,209,clean,1743-142912-0013,C1,2,10,0.8960021612581786,4.885691045712431,1.334,False,False,
D_rt0.6_d1.0_rep0,0.6,0.779538204293136,1.0,0,209,clean,1743-142912-0013,C2,2,20,0.8658773678561459,1.965689242582035,2.818,False,False,
D_rt0.6_d1.0_rep0,0.6,0.779538204293136,1.0,0,209,clean,1743-142912-0013,C3,2,30,0.8364488011021993,1.5642609068068605,6.369,False,False,
D_rt0.6_d1.0_rep0,0.6,0.779538204293136,1.0,0,209,clean,1743-142912-0013,C4,3,10,0.9196884227655585,5.860587125522974,1.352,False,False,
D_rt0.6_d1.0_rep0,0.6,0.779538204293136,1.0,0,209,clean,1743-142912-0013,C5,3,20,0.883135192048789,1.2219050287745485,2.544,False,False,
D_rt0.6_d1.0_rep0,0.6,0.779538204293136,1.0,0,209,clean,1743-142912-0013,C6,3,30,0.8676886254069482,3.654657615135113,6.497,False,False,
D_rt0.6_d1.0_rep0,0.6,0.779538204293136,1.0,0,209,clean,1743-142912-0013,C7,4,10,0.9287208261070252,6.673676772106138,1.341,False,False,
D_rt0.6_d1.0_rep0,0.6,0.779538204293136,1.0,0,209,clean,1743-142912-0013,C8,4,20,0.9094629381954118,7.015398110087105,2.523,False,False,
D_rt0.6_d1.0_rep0,0.6,0.779538204293136,1.0,0,209,clean,1743-142912-0013,C9,4,30,0.9085916493746182,6.8022493540079605,6.248,False,False,
D_rt0.6_d1.0_rep0,0.6,0.779538204293136,1.0,0,209,clean,1098-133695-0069,baseline,,,0.8554328680704578,3.891281417471247,,False,False,
D_rt0.6_d1.0_rep0,0.6,0.779538204293136,1.0,0,209,clean,1098-133695-0069,C1,2,10,0.8979195103425726,6.1765011117062585,1.602,False,False,
D_rt0.6_d1.0_rep0,0.6,0.779538204293136,1.0,0,209,clean,1098-133695-0069,C2,2,20,0.8107431357791338,2.665111614751413,2.967,False,False,
D_rt0.6_d1.0_rep0,0.6,0.779538204293136,1.0,0,209,clean,1098-133695-0069,C3,2,30,0.7958205560658397,2.476899975686786,7.062,False,False,
D_rt0.6_d1.0_rep0,0.6,0.779538204293136,1.0,0,209,clean,1098-133695-0069,C4,3,10,0.9155374292674084,7.008258281935564,1.617,False,False,
D_rt0.6_d1.0_rep0,0.6,0.779538204293136,1.0,0,209,clean,1098-133695-0069,C5,3,20,0.853933349151158,3.9456502036971624,3.119,False,False,
D_rt0.6_d1.0_rep0,0.6,0.779538204293136,1.0,0,209,clean,1098-133695-0069,C6,3,30,0.8531179077890977,4.0206318220675845,6.873,False,False,
D_rt0.6_d1.0_rep0,0.6,0.779538204293136,1.0,0,209,clean,1098-133695-0069,C7,4,10,0.9252239704123645,7.554183270004748,1.561,False,False,
D_rt0.6_d1.0_rep0,0.6,0.779538204293136,1.0,0,209,clean,1098-133695-0069,C8,4,20,,,2.985,False,True,
D_rt0.6_d1.0_rep0,0.6,0.779538204293136,1.0,0,209,clean,1098-133695-0069,C9,4,30,0.8879980705275711,5.255030463242571,7.116,False,False,
D_rt0.6_d1.0_rep0,0.6,0.779538204293136,1.0,0,209,clean,6848-252323-0022,baseline,,,0.8293337678450496,2.104055809602163,,False,False,
D_rt0.6_d1.0_rep0,0.6,0.779538204293136,1.0,0,209,clean,6848-252323-0022,C1,2,10,0.8700492540222647,3.8335595560947167,1.681,False,False,
D_rt0.6_d1.0_rep0,0.6,0.779538204293136,1.0,0,209,clean,6848-252323-0022,C2,2,20,0.7843413700536995,1.5593271189188536,3.151,False,False,
D_rt0.6_d1.0_rep0,0.6,0.779538204293136,1.0,0,209,clean,6848-252323-0022,C3,2,30,0.782101937993695,1.0330363811817407,7.526,False,False,
D_rt0.6_d1.0_rep0,0.6,0.779538204293136,1.0,0,209,clean,6848-252323-0022,C4,3,10,0.8956271323527528,4.833739800170028,1.64,False,False,
D_rt0.6_d1.0_rep0,0.6,0.779538204293136,1.0,0,209,clean,6848-252323-0022,C5,3,20,0.8440728896173858,3.2157707553851345,3.137,False,False,
D_rt0.6_d1.0_rep0,0.6,0.779538204293136,1.0,0,209,clean,6848-252323-0022,C6,3,30,0.8314698429224713,2.3353847501085636,7.217,False,False,
D_rt0.6_d1.0_rep0,0.6,0.779538204293136,1.0,0,209,clean,6848-252323-0022,C7,4,10,0.9111768667239607,5.398806930085235,1.727,False,False,
D_rt0.6_d1.0_rep0,0.6,0.779538204293136,1.0,0,209,clean,6848-252323-0022,C8,4,20,0.8828849531174716,5.518648265235303,3.15,False,False,
D_rt0.6_d1.0_rep0,0.6,0.779538204293136,1.0,0,209,clean,6848-252323-0022,C9,4,30,0.8920314666460328,5.467114103581431,7.088,False,False,
D_rt0.6_d1.0_rep0,0.6,0.779538204293136,1.0,0,209,clean,2893-139310-0011,baseline,,,0.8344897852230674,3.045403638092912,,False,False,
D_rt0.6_d1.0_rep0,0.6,0.779538204293136,1.0,0,209,clean,2893-139310-0011,C1,2,10,0.8744537238842207,4.643656613008789,1.67,False,False,
D_rt0.6_d1.0_rep0,0.6,0.779538204293136,1.0,0,209,clean,2893-139310-0011,C2,2,20,0.8034937191509625,2.5413228940138017,3.295,False,False,
D_rt0.6_d1.0_rep0,0.6,0.779538204293136,1.0,0,209,clean,2893-139310-0011,C3,2,30,0.8026633651330745,1.8151004204048777,7.255,False,False,
D_rt0.6_d1.0_rep0,0.6,0.779538204293136,1.0,0,209,clean,2893-139310-0011,C4,3,10,0.8944747486528261,5.610282484905394,1.685,False,False,
D_rt0.6_d1.0_rep0,0.6,0.779538204293136,1.0,0,209,clean,2893-139310-0011,C5,3,20,0.8666175463960902,4.139676184151772,3.187,False,False,
D_rt0.6_d1.0_rep0,0.6,0.779538204293136,1.0,0,209,clean,2893-139310-0011,C6,3,30,0.8493619004640981,3.4642447853489653,7.705,False,False,
D_rt0.6_d1.0_rep0,0.6,0.779538204293136,1.0,0,209,clean,2893-139310-0011,C7,4,10,0.9039431876697337,5.799890581803098,1.664,False,False,
D_rt0.6_d1.0_rep0,0.6,0.779538204293136,1.0,0,209,clean,2893-139310-0011,C8,4,20,0.8924518422340851,5.093197868862161,3.201,False,False,
D_rt0.6_d1.0_rep0,0.6,0.779538204293136,1.0,0,209,clean,2893-139310-0011,C9,4,30,0.8956556766140077,5.7282945945947406,7.819,False,False,
D_rt0.6_d1.0_rep0,0.6,0.779538204293136,1.0,0,209,clean,26-495-0064,baseline,,,0.8511854362582155,3.3505607551379466,,False,False,
D_rt0.6_d1.0_rep0,0.6,0.779538204293136,1.0,0,209,clean,26-495-0064,C1,2,10,0.8925315802953121,5.210509812914196,1.534,False,False,
D_rt0.6_d1.0_rep0,0.6,0.779538204293136,1.0,0,209,clean,26-495-0064,C2,2,20,0.8257947890170254,2.349627018977582,2.944,False,False,
D_rt0.6_d1.0_rep0,0.6,0.779538204293136,1.0,0,209,clean,26-495-0064,C3,2,30,0.7896571808325276,0.9513273356172816,7.041,False,False,
D_rt0.6_d1.0_rep0,0.6,0.779538204293136,1.0,0,209,clean,26-495-0064,C4,3,10,0.9054456358594377,6.393072584995929,1.558,False,False,
D_rt0.6_d1.0_rep0,0.6,0.779538204293136,1.0,0,209,clean,26-495-0064,C5,3,20,0.8559539001855005,4.213110559826906,2.942,False,False,
D_rt0.6_d1.0_rep0,0.6,0.779538204293136,1.0,0,209,clean,26-495-0064,C6,3,30,0.8472185123686377,3.5945632278523205,6.79,False,False,
D_rt0.6_d1.0_rep0,0.6,0.779538204293136,1.0,0,209,clean,26-495-0064,C7,4,10,0.9246127492867985,7.556173107777564,1.547,False,False,
D_rt0.6_d1.0_rep0,0.6,0.779538204293136,1.0,0,209,clean,26-495-0064,C8,4,20,0.9142067110617671,6.8292216763379585,3.107,False,False,
D_rt0.6_d1.0_rep0,0.6,0.779538204293136,1.0,0,209,clean,26-495-0064,C9,4,30,0.8973885541973136,5.860646546343645,6.778,False,False,
D_rt0.6_d1.0_rep0,0.6,0.779538204293136,1.0,0,209,10dB,5808-48608-0028,baseline,,,0.7090614635645088,1.2787274124670907,,False,False,
D_rt0.6_d1.0_rep0,0.6,0.779538204293136,1.0,0,209,10dB,5808-48608-0028,C1,2,10,0.7308405872625166,1.6801237071078257,1.684,False,False,
D_rt0.6_d1.0_rep0,0.6,0.779538204293136,1.0,0,209,10dB,5808-48608-0028,C2,2,20,0.7414685369459325,1.9676124409934816,3.204,False,False,
D_rt0.6_d1.0_rep0,0.6,0.779538204293136,1.0,0,209,10dB,5808-48608-0028,C3,2,30,0.7446882457736345,2.092016314659318,7.886,False,False,
D_rt0.6_d1.0_rep0,0.6,0.779538204293136,1.0,0,209,10dB,5808-48608-0028,C4,3,10,0.7430599340822024,2.2543199413435695,1.682,False,False,
D_rt0.6_d1.0_rep0,0.6,0.779538204293136,1.0,0,209,10dB,5808-48608-0028,C5,3,20,0.7521101435813551,2.5513543024894347,3.215,False,False,
D_rt0.6_d1.0_rep0,0.6,0.779538204293136,1.0,0,209,10dB,5808-48608-0028,C6,3,30,0.7564241269881253,2.730501356227152,7.977,False,False,
D_rt0.6_d1.0_rep0,0.6,0.779538204293136,1.0,0,209,10dB,5808-48608-0028,C7,4,10,0.749449846942688,2.6816924286606705,1.693,False,False,
D_rt0.6_d1.0_rep0,0.6,0.779538204293136,1.0,0,209,10dB,5808-48608-0028,C8,4,20,0.7589309752980229,3.0780353769828848,3.198,False,False,
D_rt0.6_d1.0_rep0,0.6,0.779538204293136,1.0,0,209,10dB,5808-48608-0028,C9,4,30,0.7642947804004215,3.3312615339182865,7.888,False,False,
D_rt0.6_d1.0_rep0,0.6,0.779538204293136,1.0,0,209,10dB,1743-142912-0013,baseline,,,0.8031946499972354,1.4550166483174596,,False,False,
D_rt0.6_d1.0_rep0,0.6,0.779538204293136,1.0,0,209,10dB,1743-142912-0013,C1,2,10,0.8297713136738022,2.610524482972295,1.341,False,False,
D_rt0.6_d1.0_rep0,0.6,0.779538204293136,1.0,0,209,10dB,1743-142912-0013,C2,2,20,0.8386153410528073,3.102043275429494,2.588,False,False,
D_rt0.6_d1.0_rep0,0.6,0.779538204293136,1.0,0,209,10dB,1743-142912-0013,C3,2,30,0.8414210836048569,3.43546595977831,6.26,False,False,
D_rt0.6_d1.0_rep0,0.6,0.779538204293136,1.0,0,209,10dB,1743-142912-0013,C4,3,10,0.8376502291662206,3.0798834170531646,1.38,False,False,
D_rt0.6_d1.0_rep0,0.6,0.779538204293136,1.0,0,209,10dB,1743-142912-0013,C5,3,20,0.8460000140408177,3.597292210461479,2.735,False,False,
D_rt0.6_d1.0_rep0,0.6,0.779538204293136,1.0,0,209,10dB,1743-142912-0013,C6,3,30,0.8490902163819318,3.9749490618559613,6.343,False,False,
D_rt0.6_d1.0_rep0,0.6,0.779538204293136,1.0,0,209,10dB,1743-142912-0013,C7,4,10,0.8424459832026695,3.4813331866563635,1.346,False,False,
D_rt0.6_d1.0_rep0,0.6,0.779538204293136,1.0,0,209,10dB,1743-142912-0013,C8,4,20,0.8506109030263908,4.150437804226745,2.553,False,False,
D_rt0.6_d1.0_rep0,0.6,0.779538204293136,1.0,0,209,10dB,1743-142912-0013,C9,4,30,0.8541669992415625,4.623162185450015,6.821,False,False,
D_rt0.6_d1.0_rep0,0.6,0.779538204293136,1.0,0,209,10dB,1098-133695-0069,baseline,,,0.7327218047771364,2.6018848282306233,,False,False,
D_rt0.6_d1.0_rep0,0.6,0.779538204293136,1.0,0,209,10dB,1098-133695-0069,C1,2,10,0.7505337257030429,3.176314075135969,1.647,False,False,
D_rt0.6_d1.0_rep0,0.6,0.779538204293136,1.0,0,209,10dB,1098-133695-0069,C2,2,20,0.7580104170995049,3.4099662412115563,3.02,False,False,
D_rt0.6_d1.0_rep0,0.6,0.779538204293136,1.0,0,209,10dB,1098-133695-0069,C3,2,30,0.7597976970835986,3.4214229012817294,6.96,False,False,
D_rt0.6_d1.0_rep0,0.6,0.779538204293136,1.0,0,209,10dB,1098-133695-0069,C4,3,10,0.7631813706213372,3.9299401043104414,1.663,False,False,
D_rt0.6_d1.0_rep0,0.6,0.779538204293136,1.0,0,209,10dB,1098-133695-0069,C5,3,20,0.7718454532764845,4.211308740187906,2.976,False,False,
D_rt0.6_d1.0_rep0,0.6,0.779538204293136,1.0,0,209,10dB,1098-133695-0069,C6,3,30,0.7756234936851377,4.396253155385786,6.841,False,False,
D_rt0.6_d1.0_rep0,0.6,0.779538204293136,1.0,0,209,10dB,1098-133695-0069,C7,4,10,0.7696319097326811,4.285531520290996,1.602,False,False,
D_rt0.6_d1.0_rep0,0.6,0.779538204293136,1.0,0,209,10dB,1098-133695-0069,C8,4,20,0.7803429466884181,4.795745220044003,3.088,False,False,
D_rt0.6_d1.0_rep0,0.6,0.779538204293136,1.0,0,209,10dB,1098-133695-0069,C9,4,30,0.7836674659855749,5.030399736523359,6.984,False,False,
D_rt0.6_d1.0_rep0,0.6,0.779538204293136,1.0,0,209,10dB,6848-252323-0022,baseline,,,0.6747333533109432,1.083498972857088,,False,False,
D_rt0.6_d1.0_rep0,0.6,0.779538204293136,1.0,0,209,10dB,6848-252323-0022,C1,2,10,0.7021465544714799,1.5165567903002204,1.641,False,False,
D_rt0.6_d1.0_rep0,0.6,0.779538204293136,1.0,0,209,10dB,6848-252323-0022,C2,2,20,0.7103316344085103,1.573935601365404,3.165,False,False,
D_rt0.6_d1.0_rep0,0.6,0.779538204293136,1.0,0,209,10dB,6848-252323-0022,C3,2,30,0.7140620526719623,1.6299777322261078,7.936,False,False,
D_rt0.6_d1.0_rep0,0.6,0.779538204293136,1.0,0,209,10dB,6848-252323-0022,C4,3,10,0.714206598015728,1.9645074070017274,1.652,False,False,
D_rt0.6_d1.0_rep0,0.6,0.779538204293136,1.0,0,209,10dB,6848-252323-0022,C5,3,20,0.7213271684204446,2.0027364182736362,3.129,False,False,
D_rt0.6_d1.0_rep0,0.6,0.779538204293136,1.0,0,209,10dB,6848-252323-0022,C6,3,30,0.7255677360347964,2.0891197556838987,7.633,False,False,
D_rt0.6_d1.0_rep0,0.6,0.779538204293136,1.0,0,209,10dB,6848-252323-0022,C7,4,10,0.7226248226876902,2.6465855741497837,1.65,False,False,
D_rt0.6_d1.0_rep0,0.6,0.779538204293136,1.0,0,209,10dB,6848-252323-0022,C8,4,20,0.7292485833270423,2.8852263512118457,3.154,False,False,
D_rt0.6_d1.0_rep0,0.6,0.779538204293136,1.0,0,209,10dB,6848-252323-0022,C9,4,30,0.7350152228025689,3.095472803314566,7.787,False,False,
D_rt0.6_d1.0_rep0,0.6,0.779538204293136,1.0,0,209,10dB,2893-139310-0011,baseline,,,0.736925999685405,1.8942417344395224,,False,False,
D_rt0.6_d1.0_rep0,0.6,0.779538204293136,1.0,0,209,10dB,2893-139310-0011,C1,2,10,0.7535572370441569,2.9409101522471026,1.711,False,False,
D_rt0.6_d1.0_rep0,0.6,0.779538204293136,1.0,0,209,10dB,2893-139310-0011,C2,2,20,0.765358075141072,3.2623413536265526,3.192,False,False,
D_rt0.6_d1.0_rep0,0.6,0.779538204293136,1.0,0,209,10dB,2893-139310-0011,C3,2,30,0.768879264157637,3.388909137455323,7.24,False,False,
D_rt0.6_d1.0_rep0,0.6,0.779538204293136,1.0,0,209,10dB,2893-139310-0011,C4,3,10,0.7652824893440082,3.4195344485941446,1.673,False,False,
D_rt0.6_d1.0_rep0,0.6,0.779538204293136,1.0,0,209,10dB,2893-139310-0011,C5,3,20,0.7750438818734382,3.6616997932867483,3.238,False,False,
D_rt0.6_d1.0_rep0,0.6,0.779538204293136,1.0,0,209,10dB,2893-139310-0011,C6,3,30,0.7793186011273873,3.8179562954977753,7.306,False,False,
D_rt0.6_d1.0_rep0,0.6,0.779538204293136,1.0,0,209,10dB,2893-139310-0011,C7,4,10,0.775222544574334,3.7212871403395713,1.672,False,False,
D_rt0.6_d1.0_rep0,0.6,0.779538204293136,1.0,0,209,10dB,2893-139310-0011,C8,4,20,0.7833264263295621,4.0787930930063006,3.382,False,False,
D_rt0.6_d1.0_rep0,0.6,0.779538204293136,1.0,0,209,10dB,2893-139310-0011,C9,4,30,0.7874005683471506,4.283823698849506,7.272,False,False,
D_rt0.6_d1.0_rep0,0.6,0.779538204293136,1.0,0,209,10dB,26-495-0064,baseline,,,0.8092830276129646,2.158717669660105,,False,False,
D_rt0.6_d1.0_rep0,0.6,0.779538204293136,1.0,0,209,10dB,26-495-0064,C1,2,10,0.8330234677199782,2.7996322893134056,1.547,False,False,
D_rt0.6_d1.0_rep0,0.6,0.779538204293136,1.0,0,209,10dB,26-495-0064,C2,2,20,0.8397681995372147,3.145298477735217,2.96,False,False,
D_rt0.6_d1.0_rep0,0.6,0.779538204293136,1.0,0,209,10dB,26-495-0064,C3,2,30,0.8417748688128857,3.233470132963028,7.397,False,False,
D_rt0.6_d1.0_rep0,0.6,0.779538204293136,1.0,0,209,10dB,26-495-0064,C4,3,10,0.8459125172134841,3.466700074539948,1.552,False,False,
D_rt0.6_d1.0_rep0,0.6,0.779538204293136,1.0,0,209,10dB,26-495-0064,C5,3,20,0.8526293270510404,3.814186055429025,3.127,False,False,
D_rt0.6_d1.0_rep0,0.6,0.779538204293136,1.0,0,209,10dB,26-495-0064,C6,3,30,0.8542955120766648,3.9153982722716663,6.995,False,False,
D_rt0.6_d1.0_rep0,0.6,0.779538204293136,1.0,0,209,10dB,26-495-0064,C7,4,10,0.8558286797071589,3.999980805343669,1.531,False,False,
D_rt0.6_d1.0_rep0,0.6,0.779538204293136,1.0,0,209,10dB,26-495-0064,C8,4,20,0.8640365378052522,4.41970329713852,2.94,False,False,
D_rt0.6_d1.0_rep0,0.6,0.779538204293136,1.0,0,209,10dB,26-495-0064,C9,4,30,0.8669763290378761,4.60503600650913,6.797,False,False,
D_rt0.6_d1.0_rep1,0.6,0.779538204293136,1.0,1,210,clean,5808-48608-0028,baseline,,,0.8172873561945556,2.319744017341699,,False,False,
D_rt0.6_d1.0_rep1,0.6,0.779538204293136,1.0,1,210,clean,5808-48608-0028,C1,2,10,0.8492502065328537,3.106936265403026,1.774,False,False,
D_rt0.6_d1.0_rep1,0.6,0.779538204293136,1.0,1,210,clean,5808-48608-0028,C2,2,20,0.7864691869988035,1.7449052816742385,3.259,False,False,
D_rt0.6_d1.0_rep1,0.6,0.779538204293136,1.0,1,210,clean,5808-48608-0028,C3,2,30,0.7507671849701758,0.042505417069377514,7.2,False,False,
D_rt0.6_d1.0_rep1,0.6,0.779538204293136,1.0,1,210,clean,5808-48608-0028,C4,3,10,0.8736553653725754,4.368932022005724,1.683,False,False,
D_rt0.6_d1.0_rep1,0.6,0.779538204293136,1.0,1,210,clean,5808-48608-0028,C5,3,20,0.8307673990109705,3.2278491234328226,3.306,False,False,
D_rt0.6_d1.0_rep1,0.6,0.779538204293136,1.0,1,210,clean,5808-48608-0028,C6,3,30,0.8164774317846666,2.220456763936367,7.363,False,False,
D_rt0.6_d1.0_rep1,0.6,0.779538204293136,1.0,1,210,clean,5808-48608-0028,C7,4,10,0.8930010155528575,5.286083098841734,1.673,False,False,
D_rt0.6_d1.0_rep1,0.6,0.779538204293136,1.0,1,210,clean,5808-48608-0028,C8,4,20,0.8744459255462464,4.7494306093879946,3.254,False,False,
D_rt0.6_d1.0_rep1,0.6,0.779538204293136,1.0,1,210,clean,5808-48608-0028,C9,4,30,0.8634827178602835,4.893170056548764,7.448,False,False,
D_rt0.6_d1.0_rep1,0.6,0.779538204293136,1.0,1,210,clean,1743-142912-0013,baseline,,,0.8648636354501532,2.5205157406402727,,False,False,
D_rt0.6_d1.0_rep1,0.6,0.779538204293136,1.0,1,210,clean,1743-142912-0013,C1,2,10,0.8960021612581786,4.885691045712431,1.344,False,False,
D_rt0.6_d1.0_rep1,0.6,0.779538204293136,1.0,1,210,clean,1743-142912-0013,C2,2,20,0.8658773678561459,1.965689242582035,2.55,False,False,
D_rt0.6_d1.0_rep1,0.6,0.779538204293136,1.0,1,210,clean,1743-142912-0013,C3,2,30,0.8364488011021993,1.5642609068068605,6.906,False,False,
D_rt0.6_d1.0_rep1,0.6,0.779538204293136,1.0,1,210,clean,1743-142912-0013,C4,3,10,0.9196884227655585,5.860587125522974,1.348,False,False,
D_rt0.6_d1.0_rep1,0.6,0.779538204293136,1.0,1,210,clean,1743-142912-0013,C5,3,20,0.883135192048789,1.2219050287745485,2.58,False,False,
D_rt0.6_d1.0_rep1,0.6,0.779538204293136,1.0,1,210,clean,1743-142912-0013,C6,3,30,0.8676886254069482,3.654657615135113,6.293,False,False,
D_rt0.6_d1.0_rep1,0.6,0.779538204293136,1.0,1,210,clean,1743-142912-0013,C7,4,10,0.9287208261070252,6.673676772106138,1.341,False,False,
D_rt0.6_d1.0_rep1,0.6,0.779538204293136,1.0,1,210,clean,1743-142912-0013,C8,4,20,0.9094629381954118,7.015398110087105,2.808,False,False,
D_rt0.6_d1.0_rep1,0.6,0.779538204293136,1.0,1,210,clean,1743-142912-0013,C9,4,30,0.9085916493746182,6.8022493540079605,6.287,False,False,
D_rt0.6_d1.0_rep1,0.6,0.779538204293136,1.0,1,210,clean,1098-133695-0069,baseline,,,0.8554328680704578,3.891281417471247,,False,False,
D_rt0.6_d1.0_rep1,0.6,0.779538204293136,1.0,1,210,clean,1098-133695-0069,C1,2,10,0.8979195103425726,6.1765011117062585,1.547,False,False,
D_rt0.6_d1.0_rep1,0.6,0.779538204293136,1.0,1,210,clean,1098-133695-0069,C2,2,20,0.8107431357791338,2.665111614751413,2.97,False,False,
D_rt0.6_d1.0_rep1,0.6,0.779538204293136,1.0,1,210,clean,1098-133695-0069,C3,2,30,0.7958205560658397,2.476899975686786,7.414,False,False,
D_rt0.6_d1.0_rep1,0.6,0.779538204293136,1.0,1,210,clean,1098-133695-0069,C4,3,10,0.9155374292674084,7.008258281935564,1.582,False,False,
D_rt0.6_d1.0_rep1,0.6,0.779538204293136,1.0,1,210,clean,1098-133695-0069,C5,3,20,0.853933349151158,3.9456502036971624,3.257,False,False,
D_rt0.6_d1.0_rep1,0.6,0.779538204293136,1.0,1,210,clean,1098-133695-0069,C6,3,30,0.8531179077890977,4.0206318220675845,7.507,False,False,
D_rt0.6_d1.0_rep1,0.6,0.779538204293136,1.0,1,210,clean,1098-133695-0069,C7,4,10,0.9252239704123645,7.554183270004748,1.56,False,False,
D_rt0.6_d1.0_rep1,0.6,0.779538204293136,1.0,1,210,clean,1098-133695-0069,C8,4,20,,,2.959,False,True,
D_rt0.6_d1.0_rep1,0.6,0.779538204293136,1.0,1,210,clean,1098-133695-0069,C9,4,30,0.8879980705275711,5.255030463242571,6.914,False,False,
D_rt0.6_d1.0_rep1,0.6,0.779538204293136,1.0,1,210,clean,6848-252323-0022,baseline,,,0.8293337678450496,2.104055809602163,,False,False,
D_rt0.6_d1.0_rep1,0.6,0.779538204293136,1.0,1,210,clean,6848-252323-0022,C1,2,10,0.8700492540222647,3.8335595560947167,1.728,False,False,
D_rt0.6_d1.0_rep1,0.6,0.779538204293136,1.0,1,210,clean,6848-252323-0022,C2,2,20,0.7843413700536995,1.5593271189188536,3.163,False,False,
D_rt0.6_d1.0_rep1,0.6,0.779538204293136,1.0,1,210,clean,6848-252323-0022,C3,2,30,0.782101937993695,1.0330363811817407,7.249,False,False,
D_rt0.6_d1.0_rep1,0.6,0.779538204293136,1.0,1,210,clean,6848-252323-0022,C4,3,10,0.8956271323527528,4.833739800170028,1.668,False,False,
D_rt0.6_d1.0_rep1,0.6,0.779538204293136,1.0,1,210,clean,6848-252323-0022,C5,3,20,0.8440728896173858,3.2157707553851345,3.375,False,False,
D_rt0.6_d1.0_rep1,0.6,0.779538204293136,1.0,1,210,clean,6848-252323-0022,C6,3,30,0.8314698429224713,2.3353847501085636,7.401,False,False,
D_rt0.6_d1.0_rep1,0.6,0.779538204293136,1.0,1,210,clean,6848-252323-0022,C7,4,10,0.9111768667239607,5.398806930085235,1.661,False,False,
D_rt0.6_d1.0_rep1,0.6,0.779538204293136,1.0,1,210,clean,6848-252323-0022,C8,4,20,0.8828849531174716,5.518648265235303,3.16,False,False,
D_rt0.6_d1.0_rep1,0.6,0.779538204293136,1.0,1,210,clean,6848-252323-0022,C9,4,30,0.8920314666460328,5.467114103581431,7.243,False,False,
D_rt0.6_d1.0_rep1,0.6,0.779538204293136,1.0,1,210,clean,2893-139310-0011,baseline,,,0.8344897852230674,3.045403638092912,,False,False,
D_rt0.6_d1.0_rep1,0.6,0.779538204293136,1.0,1,210,clean,2893-139310-0011,C1,2,10,0.8744537238842207,4.643656613008789,1.671,False,False,
D_rt0.6_d1.0_rep1,0.6,0.779538204293136,1.0,1,210,clean,2893-139310-0011,C2,2,20,0.8034937191509625,2.5413228940138017,3.173,False,False,
D_rt0.6_d1.0_rep1,0.6,0.779538204293136,1.0,1,210,clean,2893-139310-0011,C3,2,30,0.8026633651330745,1.8151004204048777,7.455,False,False,
D_rt0.6_d1.0_rep1,0.6,0.779538204293136,1.0,1,210,clean,2893-139310-0011,C4,3,10,0.8944747486528261,5.610282484905394,1.675,False,False,
D_rt0.6_d1.0_rep1,0.6,0.779538204293136,1.0,1,210,clean,2893-139310-0011,C5,3,20,0.8666175463960902,4.139676184151772,3.237,False,False,
D_rt0.6_d1.0_rep1,0.6,0.779538204293136,1.0,1,210,clean,2893-139310-0011,C6,3,30,0.8493619004640981,3.4642447853489653,7.461,False,False,
D_rt0.6_d1.0_rep1,0.6,0.779538204293136,1.0,1,210,clean,2893-139310-0011,C7,4,10,0.9039431876697337,5.799890581803098,1.67,False,False,
D_rt0.6_d1.0_rep1,0.6,0.779538204293136,1.0,1,210,clean,2893-139310-0011,C8,4,20,0.8924518422340851,5.093197868862161,3.191,False,False,
D_rt0.6_d1.0_rep1,0.6,0.779538204293136,1.0,1,210,clean,2893-139310-0011,C9,4,30,0.8956556766140077,5.7282945945947406,7.322,False,False,
D_rt0.6_d1.0_rep1,0.6,0.779538204293136,1.0,1,210,clean,26-495-0064,baseline,,,0.8511854362582155,3.3505607551379466,,False,False,
D_rt0.6_d1.0_rep1,0.6,0.779538204293136,1.0,1,210,clean,26-495-0064,C1,2,10,0.8925315802953121,5.210509812914196,1.635,False,False,
D_rt0.6_d1.0_rep1,0.6,0.779538204293136,1.0,1,210,clean,26-495-0064,C2,2,20,0.8257947890170254,2.349627018977582,2.914,False,False,
D_rt0.6_d1.0_rep1,0.6,0.779538204293136,1.0,1,210,clean,26-495-0064,C3,2,30,0.7896571808325276,0.9513273356172816,6.863,False,False,
D_rt0.6_d1.0_rep1,0.6,0.779538204293136,1.0,1,210,clean,26-495-0064,C4,3,10,0.9054456358594377,6.393072584995929,1.569,False,False,
D_rt0.6_d1.0_rep1,0.6,0.779538204293136,1.0,1,210,clean,26-495-0064,C5,3,20,0.8559539001855005,4.213110559826906,3.013,False,False,
D_rt0.6_d1.0_rep1,0.6,0.779538204293136,1.0,1,210,clean,26-495-0064,C6,3,30,0.8472185123686377,3.5945632278523205,9.089,False,False,
D_rt0.6_d1.0_rep1,0.6,0.779538204293136,1.0,1,210,clean,26-495-0064,C7,4,10,0.9246127492867985,7.556173107777564,1.81,False,False,
D_rt0.6_d1.0_rep1,0.6,0.779538204293136,1.0,1,210,clean,26-495-0064,C8,4,20,0.9142067110617671,6.8292216763379585,3.713,False,False,
D_rt0.6_d1.0_rep1,0.6,0.779538204293136,1.0,1,210,clean,26-495-0064,C9,4,30,0.8973885541973136,5.860646546343645,7.053,False,False,
D_rt0.6_d1.0_rep1,0.6,0.779538204293136,1.0,1,210,10dB,5808-48608-0028,baseline,,,0.7131324431802777,1.2889864517081109,,False,False,
D_rt0.6_d1.0_rep1,0.6,0.779538204293136,1.0,1,210,10dB,5808-48608-0028,C1,2,10,0.7329730151389542,1.6581478424812874,1.696,False,False,
D_rt0.6_d1.0_rep1,0.6,0.779538204293136,1.0,1,210,10dB,5808-48608-0028,C2,2,20,0.7458346898158026,1.9858277426579631,3.234,False,False,
D_rt0.6_d1.0_rep1,0.6,0.779538204293136,1.0,1,210,10dB,5808-48608-0028,C3,2,30,0.7502083966862303,2.150838440689861,8.153,False,False,
D_rt0.6_d1.0_rep1,0.6,0.779538204293136,1.0,1,210,10dB,5808-48608-0028,C4,3,10,0.746019978674659,2.223279744420644,1.71,False,False,
D_rt0.6_d1.0_rep1,0.6,0.779538204293136,1.0,1,210,10dB,5808-48608-0028,C5,3,20,0.7585684941243315,2.61746658089705,3.254,False,False,
D_rt0.6_d1.0_rep1,0.6,0.779538204293136,1.0,1,210,10dB,5808-48608-0028,C6,3,30,0.7637296183100665,2.8303832688220067,7.922,False,False,
D_rt0.6_d1.0_rep1,0.6,0.779538204293136,1.0,1,210,10dB,5808-48608-0028,C7,4,10,0.7531716275110033,2.6404032589419617,1.685,False,False,
D_rt0.6_d1.0_rep1,0.6,0.779538204293136,1.0,1,210,10dB,5808-48608-0028,C8,4,20,0.7648520549178205,3.0723851828328703,3.204,False,False,
D_rt0.6_d1.0_rep1,0.6,0.779538204293136,1.0,1,210,10dB,5808-48608-0028,C9,4,30,0.7706884330070888,3.3526477920609454,7.747,False,False,
D_rt0.6_d1.0_rep1,0.6,0.779538204293136,1.0,1,210,10dB,1743-142912-0013,baseline,,,0.8022797545798199,1.4464221583181933,,False,False,
D_rt0.6_d1.0_rep1,0.6,0.779538204293136,1.0,1,210,10dB,1743-142912-0013,C1,2,10,0.8304350343860923,2.6291043216809955,1.347,False,False,
D_rt0.6_d1.0_rep1,0.6,0.779538204293136,1.0,1,210,10dB,1743-142912-0013,C2,2,20,0.8389976047350444,3.2656671432444053,2.536,False,False,
D_rt0.6_d1.0_rep1,0.6,0.779538204293136,1.0,1,210,10dB,1743-142912-0013,C3,2,30,0.8405500418732672,3.5229516585421456,6.34,False,False,
D_rt0.6_d1.0_rep1,0.6,0.779538204293136,1.0,1,210,10dB,1743-142912-0013,C4,3,10,0.8375656830829966,3.1204724948499734,1.356,False,False,
D_rt0.6_d1.0_rep1,0.6,0.779538204293136,1.0,1,210,10dB,1743-142912-0013,C5,3,20,0.8453025507993212,3.7253116687042103,2.556,False,False,
D_rt0.6_d1.0_rep1,0.6,0.779538204293136,1.0,1,210,10dB,1743-142912-0013,C6,3,30,0.8472692299328366,4.082816544842282,6.263,False,False,
D_rt0.6_d1.0_rep1,0.6,0.779538204293136,1.0,1,210,10dB,1743-142912-0013,C7,4,10,0.8415093344403367,3.520875379125571,1.35,False,False,
D_rt0.6_d1.0_rep1,0.6,0.779538204293136,1.0,1,210,10dB,1743-142912-0013,C8,4,20,0.8480293139521012,4.204903707007239,2.587,False,False,
D_rt0.6_d1.0_rep1,0.6,0.779538204293136,1.0,1,210,10dB,1743-142912-0013,C9,4,30,0.8509606861719755,4.692760190864924,6.516,False,False,
D_rt0.6_d1.0_rep1,0.6,0.779538204293136,1.0,1,210,10dB,1098-133695-0069,baseline,,,0.7292949135984912,2.613529887905477,,False,False,
D_rt0.6_d1.0_rep1,0.6,0.779538204293136,1.0,1,210,10dB,1098-133695-0069,C1,2,10,0.7474662531315751,3.155527976652926,1.572,False,False,
D_rt0.6_d1.0_rep1,0.6,0.779538204293136,1.0,1,210,10dB,1098-133695-0069,C2,2,20,0.7524677592510426,3.2847089063161947,2.967,False,False,
D_rt0.6_d1.0_rep1,0.6,0.779538204293136,1.0,1,210,10dB,1098-133695-0069,C3,2,30,0.7539798930741108,3.3651839062810125,6.937,False,False,
D_rt0.6_d1.0_rep1,0.6,0.779538204293136,1.0,1,210,10dB,1098-133695-0069,C4,3,10,0.7607237275681183,3.885480176346915,1.631,False,False,
D_rt0.6_d1.0_rep1,0.6,0.779538204293136,1.0,1,210,10dB,1098-133695-0069,C5,3,20,0.767370561205183,4.16411577885191,2.985,False,False,
D_rt0.6_d1.0_rep1,0.6,0.779538204293136,1.0,1,210,10dB,1098-133695-0069,C6,3,30,0.7708237889928109,4.36789123367974,6.983,False,False,
D_rt0.6_d1.0_rep1,0.6,0.779538204293136,1.0,1,210,10dB,1098-133695-0069,C7,4,10,,,1.565,False,True,
D_rt0.6_d1.0_rep1,0.6,0.779538204293136,1.0,1,210,10dB,1098-133695-0069,C8,4,20,,,2.976,False,True,
D_rt0.6_d1.0_rep1,0.6,0.779538204293136,1.0,1,210,10dB,1098-133695-0069,C9,4,30,0.780002338424388,5.020223876690592,7.047,False,False,
D_rt0.6_d1.0_rep1,0.6,0.779538204293136,1.0,1,210,10dB,6848-252323-0022,baseline,,,0.6771714917946748,1.0983044142005174,,False,False,
D_rt0.6_d1.0_rep1,0.6,0.779538204293136,1.0,1,210,10dB,6848-252323-0022,C1,2,10,0.7050911252233409,1.5833890180129533,1.657,False,False,
D_rt0.6_d1.0_rep1,0.6,0.779538204293136,1.0,1,210,10dB,6848-252323-0022,C2,2,20,0.7136480886109746,1.705761065870384,3.138,False,False,
D_rt0.6_d1.0_rep1,0.6,0.779538204293136,1.0,1,210,10dB,6848-252323-0022,C3,2,30,0.7167699296289991,1.8094683212580618,7.303,False,False,
D_rt0.6_d1.0_rep1,0.6,0.779538204293136,1.0,1,210,10dB,6848-252323-0022,C4,3,10,0.7160904314019473,1.9599663552943547,1.67,False,False,
D_rt0.6_d1.0_rep1,0.6,0.779538204293136,1.0,1,210,10dB,6848-252323-0022,C5,3,20,0.7243081651691998,2.1143881383651726,3.154,False,False,
D_rt0.6_d1.0_rep1,0.6,0.779538204293136,1.0,1,210,10dB,6848-252323-0022,C6,3,30,0.7269530921458125,2.2362380465759086,7.556,False,False,
D_rt0.6_d1.0_rep1,0.6,0.779538204293136,1.0,1,210,10dB,6848-252323-0022,C7,4,10,0.7235020646830423,2.6511523603969738,1.647,False,False,
D_rt0.6_d1.0_rep1,0.6,0.779538204293136,1.0,1,210,10dB,6848-252323-0022,C8,4,20,0.7305706036482048,2.959677269657288,3.164,False,False,
D_rt0.6_d1.0_rep1,0.6,0.779538204293136,1.0,1,210,10dB,6848-252323-0022,C9,4,30,0.7339820403321818,3.175614421559392,7.197,False,False,
D_rt0.6_d1.0_rep1,0.6,0.779538204293136,1.0,1,210,10dB,2893-139310-0011,baseline,,,0.737919117489083,1.9067902745739356,,False,False,
D_rt0.6_d1.0_rep1,0.6,0.779538204293136,1.0,1,210,10dB,2893-139310-0011,C1,2,10,0.7543152334541452,3.002231688828484,1.78,False,False,
D_rt0.6_d1.0_rep1,0.6,0.779538204293136,1.0,1,210,10dB,2893-139310-0011,C2,2,20,0.7646218565011773,3.290472083307081,3.197,False,False,
D_rt0.6_d1.0_rep1,0.6,0.779538204293136,1.0,1,210,10dB,2893-139310-0011,C3,2,30,0.7673894580102706,3.4451558270918308,7.247,False,False,
D_rt0.6_d1.0_rep1,0.6,0.779538204293136,1.0,1,210,10dB,2893-139310-0011,C4,3,10,0.7664347946323649,3.4926588836072496,1.678,False,False,
D_rt0.6_d1.0_rep1,0.6,0.779538204293136,1.0,1,210,10dB,2893-139310-0011,C5,3,20,0.7750741988012625,3.7283343748380524,3.386,False,False,
D_rt0.6_d1.0_rep1,0.6,0.779538204293136,1.0,1,210,10dB,2893-139310-0011,C6,3,30,0.7781360665720636,3.9147814518681874,7.257,False,False,
D_rt0.6_d1.0_rep1,0.6,0.779538204293136,1.0,1,210,10dB,2893-139310-0011,C7,4,10,0.7746263183302036,3.729220515060683,1.691,False,False,
D_rt0.6_d1.0_rep1,0.6,0.779538204293136,1.0,1,210,10dB,2893-139310-0011,C8,4,20,0.7822713756635054,4.093152312660713,3.2,False,False,
D_rt0.6_d1.0_rep1,0.6,0.779538204293136,1.0,1,210,10dB,2893-139310-0011,C9,4,30,0.7855510853070606,4.308584627064612,7.878,False,False,
D_rt0.6_d1.0_rep1,0.6,0.779538204293136,1.0,1,210,10dB,26-495-0064,baseline,,,0.8080355408095202,2.149471786823058,,False,False,
D_rt0.6_d1.0_rep1,0.6,0.779538204293136,1.0,1,210,10dB,26-495-0064,C1,2,10,0.8325677506249806,2.826591063431053,1.546,False,False,
D_rt0.6_d1.0_rep1,0.6,0.779538204293136,1.0,1,210,10dB,26-495-0064,C2,2,20,0.8406642861291305,3.167251902182236,2.965,False,False,
D_rt0.6_d1.0_rep1,0.6,0.779538204293136,1.0,1,210,10dB,26-495-0064,C3,2,30,0.8409941856144676,3.268549356147283,7.809,False,False,
D_rt0.6_d1.0_rep1,0.6,0.779538204293136,1.0,1,210,10dB,26-495-0064,C4,3,10,0.8448303338465217,3.439048177135668,1.555,False,False,
D_rt0.6_d1.0_rep1,0.6,0.779538204293136,1.0,1,210,10dB,26-495-0064,C5,3,20,0.8530991081254126,3.8158218474639165,2.944,False,False,
D_rt0.6_d1.0_rep1,0.6,0.779538204293136,1.0,1,210,10dB,26-495-0064,C6,3,30,0.854220621291946,3.9501135989347564,6.906,False,False,
D_rt0.6_d1.0_rep1,0.6,0.779538204293136,1.0,1,210,10dB,26-495-0064,C7,4,10,0.8566198615486794,4.01919341372739,1.606,False,False,
D_rt0.6_d1.0_rep1,0.6,0.779538204293136,1.0,1,210,10dB,26-495-0064,C8,4,20,0.864803624884391,4.459862215328594,2.978,False,False,
D_rt0.6_d1.0_rep1,0.6,0.779538204293136,1.0,1,210,10dB,26-495-0064,C9,4,30,0.8666669111736423,4.623589333897421,7.057,False,False,
D_rt0.6_d2.5_rep0,0.6,0.7866607223866862,2.5,0,211,clean,5808-48608-0028,baseline,,,0.8130935642926163,2.729620833960888,,False,False,
D_rt0.6_d2.5_rep0,0.6,0.7866607223866862,2.5,0,211,clean,5808-48608-0028,C1,2,10,0.8569649037131761,3.9913327633145137,1.704,False,False,
D_rt0.6_d2.5_rep0,0.6,0.7866607223866862,2.5,0,211,clean,5808-48608-0028,C2,2,20,0.7991161516953253,1.6529861817213185,3.612,False,False,
D_rt0.6_d2.5_rep0,0.6,0.7866607223866862,2.5,0,211,clean,5808-48608-0028,C3,2,30,,,7.306,False,True,
D_rt0.6_d2.5_rep0,0.6,0.7866607223866862,2.5,0,211,clean,5808-48608-0028,C4,3,10,0.9056866128626074,6.097006837013677,1.697,False,False,
D_rt0.6_d2.5_rep0,0.6,0.7866607223866862,2.5,0,211,clean,5808-48608-0028,C5,3,20,0.8824671899353383,5.924428394210496,3.323,False,False,
D_rt0.6_d2.5_rep0,0.6,0.7866607223866862,2.5,0,211,clean,5808-48608-0028,C6,3,30,0.8410633503579149,4.362084742462412,7.28,False,False,
D_rt0.6_d2.5_rep0,0.6,0.7866607223866862,2.5,0,211,clean,5808-48608-0028,C7,4,10,0.936987380978995,7.741451232116281,1.673,False,False,
D_rt0.6_d2.5_rep0,0.6,0.7866607223866862,2.5,0,211,clean,5808-48608-0028,C8,4,20,0.8701811520982909,7.297349777510115,3.193,False,False,
D_rt0.6_d2.5_rep0,0.6,0.7866607223866862,2.5,0,211,clean,5808-48608-0028,C9,4,30,0.9188809716611646,8.469635047631453,7.723,False,False,
D_rt0.6_d2.5_rep0,0.6,0.7866607223866862,2.5,0,211,clean,1743-142912-0013,baseline,,,0.8503330791973154,2.8847378815951163,,False,False,
D_rt0.6_d2.5_rep0,0.6,0.7866607223866862,2.5,0,211,clean,1743-142912-0013,C1,2,10,0.9186637720182024,3.981652705018402,1.375,False,False,
D_rt0.6_d2.5_rep0,0.6,0.7866607223866862,2.5,0,211,clean,1743-142912-0013,C2,2,20,0.8641535131596761,1.5315784085354802,2.545,False,False,
D_rt0.6_d2.5_rep0,0.6,0.7866607223866862,2.5,0,211,clean,1743-142912-0013,C3,2,30,0.8243720317676438,1.381017889178551,6.753,False,False,
D_rt0.6_d2.5_rep0,0.6,0.7866607223866862,2.5,0,211,clean,1743-142912-0013,C4,3,10,0.9364699423142333,4.876683023551511,1.339,False,False,
D_rt0.6_d2.5_rep0,0.6,0.7866607223866862,2.5,0,211,clean,1743-142912-0013,C5,3,20,0.9185055690778223,4.798372559563509,2.549,False,False,
D_rt0.6_d2.5_rep0,0.6,0.7866607223866862,2.5,0,211,clean,1743-142912-0013,C6,3,30,0.8948943445110411,3.5982483158410314,6.393,False,False,
D_rt0.6_d2.5_rep0,0.6,0.7866607223866862,2.5,0,211,clean,1743-142912-0013,C7,4,10,0.9454728106770177,5.517159262154392,1.351,False,False,
D_rt0.6_d2.5_rep0,0.6,0.7866607223866862,2.5,0,211,clean,1743-142912-0013,C8,4,20,0.9492198565234217,7.65929458733522,2.67,False,False,
D_rt0.6_d2.5_rep0,0.6,0.7866607223866862,2.5,0,211,clean,1743-142912-0013,C9,4,30,0.934617646929733,6.937147446000828,6.234,False,False,
D_rt0.6_d2.5_rep0,0.6,0.7866607223866862,2.5,0,211,clean,1098-133695-0069,baseline,,,0.8030546387357549,2.0848691619935784,,False,False,
D_rt0.6_d2.5_rep0,0.6,0.7866607223866862,2.5,0,211,clean,1098-133695-0069,C1,2,10,0.8933308558627979,4.469696315077146,1.562,False,False,
D_rt0.6_d2.5_rep0,0.6,0.7866607223866862,2.5,0,211,clean,1098-133695-0069,C2,2,20,0.7508315822896864,2.21762761940582,2.992,False,False,
D_rt0.6_d2.5_rep0,0.6,0.7866607223866862,2.5,0,211,clean,1098-133695-0069,C3,2,30,0.6932878778343501,0.07368715787065779,7.454,False,False,
D_rt0.6_d2.5_rep0,0.6,0.7866607223866862,2.5,0,211,clean,1098-133695-0069,C4,3,10,0.9164929077064078,5.216331264062456,1.571,False,False,
D_rt0.6_d2.5_rep0,0.6,0.7866607223866862,2.5,0,211,clean,1098-133695-0069,C5,3,20,0.8116060617353,3.2177206131138014,2.976,False,False,
D_rt0.6_d2.5_rep0,0.6,0.7866607223866862,2.5,0,211,clean,1098-133695-0069,C6,3,30,0.7879077153268413,3.678654709764575,7.53,False,False,
D_rt0.6_d2.5_rep0,0.6,0.7866607223866862,2.5,0,211,clean,1098-133695-0069,C7,4,10,0.9356657148428508,6.419155182927345,1.566,False,False,
D_rt0.6_d2.5_rep0,0.6,0.7866607223866862,2.5,0,211,clean,1098-133695-0069,C8,4,20,0.9174258732041707,7.60619860583311,2.979,False,False,
D_rt0.6_d2.5_rep0,0.6,0.7866607223866862,2.5,0,211,clean,1098-133695-0069,C9,4,30,0.8563909252479318,5.242763058013738,6.937,False,False,
D_rt0.6_d2.5_rep0,0.6,0.7866607223866862,2.5,0,211,clean,6848-252323-0022,baseline,,,0.8150007348150855,0.7955922279537924,,False,False,
D_rt0.6_d2.5_rep0,0.6,0.7866607223866862,2.5,0,211,clean,6848-252323-0022,C1,2,10,0.8614573844495605,3.3133064404469654,1.67,False,False,
D_rt0.6_d2.5_rep0,0.6,0.7866607223866862,2.5,0,211,clean,6848-252323-0022,C2,2,20,0.7709759743908521,1.8573913597791898,3.283,False,False,
D_rt0.6_d2.5_rep0,0.6,0.7866607223866862,2.5,0,211,clean,6848-252323-0022,C3,2,30,0.7607328098018451,0.0729620621203762,7.309,False,False,
D_rt0.6_d2.5_rep0,0.6,0.7866607223866862,2.5,0,211,clean,6848-252323-0022,C4,3,10,0.8999910381965768,4.338034300558456,1.661,False,False,
D_rt0.6_d2.5_rep0,0.6,0.7866607223866862,2.5,0,211,clean,6848-252323-0022,C5,3,20,0.8484626106408841,3.496468188446373,3.14,False,False,
D_rt0.6_d2.5_rep0,0.6,0.7866607223866862,2.5,0,211,clean,6848-252323-0022,C6,3,30,0.8136903638024598,4.0369531380560115,7.232,False,False,
D_rt0.6_d2.5_rep0,0.6,0.7866607223866862,2.5,0,211,clean,6848-252323-0022,C7,4,10,0.9135838830794493,3.7206032091043935,1.663,False,False,
D_rt0.6_d2.5_rep0,0.6,0.7866607223866862,2.5,0,211,clean,6848-252323-0022,C8,4,20,0.8880279881017076,5.361013396763409,3.215,False,False,
D_rt0.6_d2.5_rep0,0.6,0.7866607223866862,2.5,0,211,clean,6848-252323-0022,C9,4,30,0.8905398925942098,6.334862957671663,7.41,False,False,
D_rt0.6_d2.5_rep0,0.6,0.7866607223866862,2.5,0,211,clean,2893-139310-0011,baseline,,,0.8026020990553699,2.1415920673305453,,False,False,
D_rt0.6_d2.5_rep0,0.6,0.7866607223866862,2.5,0,211,clean,2893-139310-0011,C1,2,10,0.877717331188314,4.055124677004692,1.677,False,False,
D_rt0.6_d2.5_rep0,0.6,0.7866607223866862,2.5,0,211,clean,2893-139310-0011,C2,2,20,0.7864629489242203,1.2527621554850266,3.195,False,False,
D_rt0.6_d2.5_rep0,0.6,0.7866607223866862,2.5,0,211,clean,2893-139310-0011,C3,2,30,0.7617496580963332,-0.09483763117316883,7.231,False,False,
D_rt0.6_d2.5_rep0,0.6,0.7866607223866862,2.5,0,211,clean,2893-139310-0011,C4,3,10,0.8976588303112037,5.215517223592747,1.676,False,False,
D_rt0.6_d2.5_rep0,0.6,0.7866607223866862,2.5,0,211,clean,2893-139310-0011,C5,3,20,0.7867791359453454,-3.872839062697251,3.169,False,False,
D_rt0.6_d2.5_rep0,0.6,0.7866607223866862,2.5,0,211,clean,2893-139310-0011,C6,3,30,0.8281245130920739,2.3335261615620424,7.22,False,False,
D_rt0.6_d2.5_rep0,0.6,0.7866607223866862,2.5,0,211,clean,2893-139310-0011,C7,4,10,0.9145375512948037,6.161793846960098,1.743,False,False,
D_rt0.6_d2.5_rep0,0.6,0.7866607223866862,2.5,0,211,clean,2893-139310-0011,C8,4,20,0.9061950913180663,4.89529071057068,3.164,False,False,
D_rt0.6_d2.5_rep0,0.6,0.7866607223866862,2.5,0,211,clean,2893-139310-0011,C9,4,30,0.9004858006612783,6.371863595976891,7.18,False,False,
D_rt0.6_d2.5_rep0,0.6,0.7866607223866862,2.5,0,211,clean,26-495-0064,baseline,,,0.8182466749873659,2.8585700609859064,,False,False,
D_rt0.6_d2.5_rep0,0.6,0.7866607223866862,2.5,0,211,clean,26-495-0064,C1,2,10,0.8856696298277468,4.145805343724561,1.55,False,False,
D_rt0.6_d2.5_rep0,0.6,0.7866607223866862,2.5,0,211,clean,26-495-0064,C2,2,20,0.8160898657533058,1.4357223307264508,3.128,False,False,
D_rt0.6_d2.5_rep0,0.6,0.7866607223866862,2.5,0,211,clean,26-495-0064,C3,2,30,0.7777642379609823,-0.4904770156059091,6.8,False,False,
D_rt0.6_d2.5_rep0,0.6,0.7866607223866862,2.5,0,211,clean,26-495-0064,C4,3,10,0.9106513629299358,5.912600519031349,1.55,False,False,
D_rt0.6_d2.5_rep0,0.6,0.7866607223866862,2.5,0,211,clean,26-495-0064,C5,3,20,0.8640990171357235,3.3367026601382093,3.0,False,False,
D_rt0.6_d2.5_rep0,0.6,0.7866607223866862,2.5,0,211,clean,26-495-0064,C6,3,30,0.8382724615741123,3.4168500328895246,7.508,False,False,
D_rt0.6_d2.5_rep0,0.6,0.7866607223866862,2.5,0,211,clean,26-495-0064,C7,4,10,0.9292889659028308,7.33134845168056,1.554,False,False,
D_rt0.6_d2.5_rep0,0.6,0.7866607223866862,2.5,0,211,clean,26-495-0064,C8,4,20,0.9053396677320867,5.974426490764238,2.926,False,False,
D_rt0.6_d2.5_rep0,0.6,0.7866607223866862,2.5,0,211,clean,26-495-0064,C9,4,30,0.9030401919552854,6.05633925933423,7.772,False,False,
D_rt0.6_d2.5_rep0,0.6,0.7866607223866862,2.5,0,211,10dB,5808-48608-0028,baseline,,,0.7031602545821372,1.6412248925807322,,False,False,
D_rt0.6_d2.5_rep0,0.6,0.7866607223866862,2.5,0,211,10dB,5808-48608-0028,C1,2,10,0.7173246603160511,2.273096224287609,1.707,False,False,
D_rt0.6_d2.5_rep0,0.6,0.7866607223866862,2.5,0,211,10dB,5808-48608-0028,C2,2,20,0.7314308326520624,2.811962596613771,3.328,False,False,
D_rt0.6_d2.5_rep0,0.6,0.7866607223866862,2.5,0,211,10dB,5808-48608-0028,C3,2,30,0.7357400559195549,2.917511453009837,8.992,False,False,
D_rt0.6_d2.5_rep0,0.6,0.7866607223866862,2.5,0,211,10dB,5808-48608-0028,C4,3,10,0.7344214645539757,2.91163909982275,1.81,False,False,
D_rt0.6_d2.5_rep0,0.6,0.7866607223866862,2.5,0,211,10dB,5808-48608-0028,C5,3,20,0.7479818194848391,3.4925894214808912,3.322,False,False,
D_rt0.6_d2.5_rep0,0.6,0.7866607223866862,2.5,0,211,10dB,5808-48608-0028,C6,3,30,0.7519881436295023,3.651082388908995,8.026,False,False,
D_rt0.6_d2.5_rep0,0.6,0.7866607223866862,2.5,0,211,10dB,5808-48608-0028,C7,4,10,0.7521667151041318,3.4519515187745164,1.903,False,False,
D_rt0.6_d2.5_rep0,0.6,0.7866607223866862,2.5,0,211,10dB,5808-48608-0028,C8,4,20,0.7647178059414382,4.026060879919009,3.746,False,False,
D_rt0.6_d2.5_rep0,0.6,0.7866607223866862,2.5,0,211,10dB,5808-48608-0028,C9,4,30,0.7686634454566281,4.212883900228241,7.695,False,False,
D_rt0.6_d2.5_rep0,0.6,0.7866607223866862,2.5,0,211,10dB,1743-142912-0013,baseline,,,0.7887400867455633,1.7719823003032522,,False,False,
D_rt0.6_d2.5_rep0,0.6,0.7866607223866862,2.5,0,211,10dB,1743-142912-0013,C1,2,10,0.8091318317360859,2.16328155490099,1.369,False,False,
D_rt0.6_d2.5_rep0,0.6,0.7866607223866862,2.5,0,211,10dB,1743-142912-0013,C2,2,20,0.8192083968516705,2.686812843207786,2.764,False,False,
D_rt0.6_d2.5_rep0,0.6,0.7866607223866862,2.5,0,211,10dB,1743-142912-0013,C3,2,30,0.8227151656359456,2.868378532656408,7.67,False,False,
D_rt0.6_d2.5_rep0,0.6,0.7866607223866862,2.5,0,211,10dB,1743-142912-0013,C4,3,10,0.820235823928566,2.544626799060517,1.395,False,False,
D_rt0.6_d2.5_rep0,0.6,0.7866607223866862,2.5,0,211,10dB,1743-142912-0013,C5,3,20,0.8294082271534939,3.0727359916894166,2.659,False,False,
D_rt0.6_d2.5_rep0,0.6,0.7866607223866862,2.5,0,211,10dB,1743-142912-0013,C6,3,30,0.8325403901704024,3.2803026483085738,6.674,False,False,
D_rt0.6_d2.5_rep0,0.6,0.7866607223866862,2.5,0,211,10dB,1743-142912-0013,C7,4,10,0.8309727125859355,2.985783526173826,1.393,False,False,
D_rt0.6_d2.5_rep0,0.6,0.7866607223866862,2.5,0,211,10dB,1743-142912-0013,C8,4,20,0.8398082025475656,3.5061572301524,2.609,False,False,
D_rt0.6_d2.5_rep0,0.6,0.7866607223866862,2.5,0,211,10dB,1743-142912-0013,C9,4,30,0.8429898965795611,3.7516653298467215,8.44,False,False,
D_rt0.6_d2.5_rep0,0.6,0.7866607223866862,2.5,0,211,10dB,1098-133695-0069,baseline,,,0.6805359148042415,1.0637085847912933,,False,False,
D_rt0.6_d2.5_rep0,0.6,0.7866607223866862,2.5,0,211,10dB,1098-133695-0069,C1,2,10,0.7216929716865007,2.076364001279096,1.825,False,False,
D_rt0.6_d2.5_rep0,0.6,0.7866607223866862,2.5,0,211,10dB,1098-133695-0069,C2,2,20,0.7360984997568845,2.479108228186913,3.31,False,False,
D_rt0.6_d2.5_rep0,0.6,0.7866607223866862,2.5,0,211,10dB,1098-133695-0069,C3,2,30,0.7405118247677228,2.6465908513317906,7.686,False,False,
D_rt0.6_d2.5_rep0,0.6,0.7866607223866862,2.5,0,211,10dB,1098-133695-0069,C4,3,10,0.7319484413971928,2.3200143151173775,1.578,False,False,
D_rt0.6_d2.5_rep0,0.6,0.7866607223866862,2.5,0,211,10dB,1098-133695-0069,C5,3,20,0.7453976299001016,2.703589781891494,3.026,False,False,
D_rt0.6_d2.5_rep0,0.6,0.7866607223866862,2.5,0,211,10dB,1098-133695-0069,C6,3,30,0.7507821997405155,2.9178308171092193,6.991,False,False,
D_rt0.6_d2.5_rep0,0.6,0.7866607223866862,2.5,0,211,10dB,1098-133695-0069,C7,4,10,0.7394600723932255,2.7234023972590284,1.657,False,False,
D_rt0.6_d2.5_rep0,0.6,0.7866607223866862,2.5,0,211,10dB,1098-133695-0069,C8,4,20,0.7525686425633578,3.0919652582511588,3.108,False,False,
D_rt0.6_d2.5_rep0,0.6,0.7866607223866862,2.5,0,211,10dB,1098-133695-0069,C9,4,30,0.7586824672821479,3.306905252953226,7.929,False,False,
D_rt0.6_d2.5_rep0,0.6,0.7866607223866862,2.5,0,211,10dB,6848-252323-0022,baseline,,,0.665290079632608,-0.0648970156954075,,False,False,
D_rt0.6_d2.5_rep0,0.6,0.7866607223866862,2.5,0,211,10dB,6848-252323-0022,C1,2,10,0.6863591225002019,0.9455171905419255,1.707,False,False,
D_rt0.6_d2.5_rep0,0.6,0.7866607223866862,2.5,0,211,10dB,6848-252323-0022,C2,2,20,0.6975851026351763,1.4842955543504712,3.43,False,False,
D_rt0.6_d2.5_rep0,0.6,0.7866607223866862,2.5,0,211,10dB,6848-252323-0022,C3,2,30,0.7030137943852223,1.6638587934977047,7.701,False,False,
D_rt0.6_d2.5_rep0,0.6,0.7866607223866862,2.5,0,211,10dB,6848-252323-0022,C4,3,10,0.7023159490941046,1.5942282943024009,2.032,False,False,
D_rt0.6_d2.5_rep0,0.6,0.7866607223866862,2.5,0,211,10dB,6848-252323-0022,C5,3,20,0.7151390294706967,2.1998099066820083,3.687,False,False,
D_rt0.6_d2.5_rep0,0.6,0.7866607223866862,2.5,0,211,10dB,6848-252323-0022,C6,3,30,0.7201986318083219,2.362120878556537,7.543,False,False,
D_rt0.6_d2.5_rep0,0.6,0.7866607223866862,2.5,0,211,10dB,6848-252323-0022,C7,4,10,0.7139604860762294,1.883114523952213,1.652,False,False,
D_rt0.6_d2.5_rep0,0.6,0.7866607223866862,2.5,0,211,10dB,6848-252323-0022,C8,4,20,0.7259300925900845,2.4448436020791293,3.164,False,False,
D_rt0.6_d2.5_rep0,0.6,0.7866607223866862,2.5,0,211,10dB,6848-252323-0022,C9,4,30,0.73032831249328,2.6129099462520573,8.025,False,False,
D_rt0.6_d2.5_rep0,0.6,0.7866607223866862,2.5,0,211,10dB,2893-139310-0011,baseline,,,0.7106880173487214,1.1345485090341114,,False,False,
D_rt0.6_d2.5_rep0,0.6,0.7866607223866862,2.5,0,211,10dB,2893-139310-0011,C1,2,10,0.7392292991256673,2.0832114535170274,1.691,False,False,
D_rt0.6_d2.5_rep0,0.6,0.7866607223866862,2.5,0,211,10dB,2893-139310-0011,C2,2,20,0.7505435604046519,2.4147461457749166,3.191,False,False,
D_rt0.6_d2.5_rep0,0.6,0.7866607223866862,2.5,0,211,10dB,2893-139310-0011,C3,2,30,0.752346193982736,2.4790223024767712,7.907,False,False,
D_rt0.6_d2.5_rep0,0.6,0.7866607223866862,2.5,0,211,10dB,2893-139310-0011,C4,3,10,0.7446841922881069,2.362810585211044,1.681,False,False,
D_rt0.6_d2.5_rep0,0.6,0.7866607223866862,2.5,0,211,10dB,2893-139310-0011,C5,3,20,0.7546457532832077,2.676369608595459,3.187,False,False,
D_rt0.6_d2.5_rep0,0.6,0.7866607223866862,2.5,0,211,10dB,2893-139310-0011,C6,3,30,0.7567709128386473,2.7799832730341927,7.828,False,False,
D_rt0.6_d2.5_rep0,0.6,0.7866607223866862,2.5,0,211,10dB,2893-139310-0011,C7,4,10,0.7571373212903065,2.8061861163013213,1.717,False,False,
D_rt0.6_d2.5_rep0,0.6,0.7866607223866862,2.5,0,211,10dB,2893-139310-0011,C8,4,20,0.7680349459391026,3.1569754030737447,3.167,False,False,
D_rt0.6_d2.5_rep0,0.6,0.7866607223866862,2.5,0,211,10dB,2893-139310-0011,C9,4,30,0.7710051887057802,3.2981596002136575,7.215,False,False,
D_rt0.6_d2.5_rep0,0.6,0.7866607223866862,2.5,0,211,10dB,26-495-0064,baseline,,,0.7699840999825975,1.732611755744309,,False,False,
D_rt0.6_d2.5_rep0,0.6,0.7866607223866862,2.5,0,211,10dB,26-495-0064,C1,2,10,0.7995743010990507,2.1779059427117353,1.628,False,False,
D_rt0.6_d2.5_rep0,0.6,0.7866607223866862,2.5,0,211,10dB,26-495-0064,C2,2,20,0.8127821404277421,2.522782690520573,2.958,False,False,
D_rt0.6_d2.5_rep0,0.6,0.7866607223866862,2.5,0,211,10dB,26-495-0064,C3,2,30,0.8160870892325228,2.648726319112626,6.82,False,False,
D_rt0.6_d2.5_rep0,0.6,0.7866607223866862,2.5,0,211,10dB,26-495-0064,C4,3,10,0.8198125311473549,3.0653482305718334,1.551,False,False,
D_rt0.6_d2.5_rep0,0.6,0.7866607223866862,2.5,0,211,10dB,26-495-0064,C5,3,20,0.8324962504776258,3.4676025875734333,3.008,False,False,
D_rt0.6_d2.5_rep0,0.6,0.7866607223866862,2.5,0,211,10dB,26-495-0064,C6,3,30,0.8362345721920447,3.6007137300727865,6.873,False,False,
D_rt0.6_d2.5_rep0,0.6,0.7866607223866862,2.5,0,211,10dB,26-495-0064,C7,4,10,0.8307192370755793,3.597186430935116,1.542,False,False,
D_rt0.6_d2.5_rep0,0.6,0.7866607223866862,2.5,0,211,10dB,26-495-0064,C8,4,20,0.8436380808552447,4.053135080452015,3.458,False,False,
D_rt0.6_d2.5_rep0,0.6,0.7866607223866862,2.5,0,211,10dB,26-495-0064,C9,4,30,0.8474298622358256,4.20877381125102,11.224,False,False,
D_rt0.6_d2.5_rep1,0.6,0.7866607223866862,2.5,1,212,clean,5808-48608-0028,baseline,,,0.8130935642926163,2.729620833960888,,False,False,
D_rt0.6_d2.5_rep1,0.6,0.7866607223866862,2.5,1,212,clean,5808-48608-0028,C1,2,10,0.8569649037131761,3.9913327633145137,2.229,False,False,
D_rt0.6_d2.5_rep1,0.6,0.7866607223866862,2.5,1,212,clean,5808-48608-0028,C2,2,20,0.7991161516953253,1.6529861817213185,3.658,False,False,
D_rt0.6_d2.5_rep1,0.6,0.7866607223866862,2.5,1,212,clean,5808-48608-0028,C3,2,30,,,7.337,False,True,
D_rt0.6_d2.5_rep1,0.6,0.7866607223866862,2.5,1,212,clean,5808-48608-0028,C4,3,10,0.9056866128626074,6.097006837013677,1.69,False,False,
D_rt0.6_d2.5_rep1,0.6,0.7866607223866862,2.5,1,212,clean,5808-48608-0028,C5,3,20,0.8824671899353383,5.924428394210496,3.206,False,False,
D_rt0.6_d2.5_rep1,0.6,0.7866607223866862,2.5,1,212,clean,5808-48608-0028,C6,3,30,0.8410633503579149,4.362084742462412,7.569,False,False,
D_rt0.6_d2.5_rep1,0.6,0.7866607223866862,2.5,1,212,clean,5808-48608-0028,C7,4,10,0.936987380978995,7.741451232116281,1.66,False,False,
D_rt0.6_d2.5_rep1,0.6,0.7866607223866862,2.5,1,212,clean,5808-48608-0028,C8,4,20,0.8701811520982909,7.297349777510115,3.277,False,False,
D_rt0.6_d2.5_rep1,0.6,0.7866607223866862,2.5,1,212,clean,5808-48608-0028,C9,4,30,0.9188809716611646,8.469635047631453,7.648,False,False,
D_rt0.6_d2.5_rep1,0.6,0.7866607223866862,2.5,1,212,clean,1743-142912-0013,baseline,,,0.8503330791973154,2.8847378815951163,,False,False,
D_rt0.6_d2.5_rep1,0.6,0.7866607223866862,2.5,1,212,clean,1743-142912-0013,C1,2,10,0.9186637720182024,3.981652705018402,1.343,False,False,
D_rt0.6_d2.5_rep1,0.6,0.7866607223866862,2.5,1,212,clean,1743-142912-0013,C2,2,20,0.8641535131596761,1.5315784085354802,2.524,False,False,
D_rt0.6_d2.5_rep1,0.6,0.7866607223866862,2.5,1,212,clean,1743-142912-0013,C3,2,30,0.8243720317676438,1.381017889178551,6.331,False,False,
D_rt0.6_d2.5_rep1,0.6,0.7866607223866862,2.5,1,212,clean,1743-142912-0013,C4,3,10,0.9364699423142333,4.876683023551511,1.35,False,False,
D_rt0.6_d2.5_rep1,0.6,0.7866607223866862,2.5,1,212,clean,1743-142912-0013,C5,3,20,0.9185055690778223,4.798372559563509,2.72,False,False,
D_rt0.6_d2.5_rep1,0.6,0.7866607223866862,2.5,1,212,clean,1743-142912-0013,C6,3,30,0.8948943445110411,3.5982483158410314,6.245,False,False,
D_rt0.6_d2.5_rep1,0.6,0.7866607223866862,2.5,1,212,clean,1743-142912-0013,C7,4,10,0.9454728106770177,5.517159262154392,1.341,False,False,
D_rt0.6_d2.5_rep1,0.6,0.7866607223866862,2.5,1,212,clean,1743-142912-0013,C8,4,20,0.9492198565234217,7.65929458733522,2.546,False,False,
D_rt0.6_d2.5_rep1,0.6,0.7866607223866862,2.5,1,212,clean,1743-142912-0013,C9,4,30,0.934617646929733,6.937147446000828,6.593,False,False,
D_rt0.6_d2.5_rep1,0.6,0.7866607223866862,2.5,1,212,clean,1098-133695-0069,baseline,,,0.8030546387357549,2.0848691619935784,,False,False,
D_rt0.6_d2.5_rep1,0.6,0.7866607223866862,2.5,1,212,clean,1098-133695-0069,C1,2,10,0.8933308558627979,4.469696315077146,1.544,False,False,
D_rt0.6_d2.5_rep1,0.6,0.7866607223866862,2.5,1,212,clean,1098-133695-0069,C2,2,20,0.7508315822896864,2.21762761940582,3.005,False,False,
D_rt0.6_d2.5_rep1,0.6,0.7866607223866862,2.5,1,212,clean,1098-133695-0069,C3,2,30,0.6932878778343501,0.07368715787065779,7.762,False,False,
D_rt0.6_d2.5_rep1,0.6,0.7866607223866862,2.5,1,212,clean,1098-133695-0069,C4,3,10,0.9164929077064078,5.216331264062456,1.563,False,False,
D_rt0.6_d2.5_rep1,0.6,0.7866607223866862,2.5,1,212,clean,1098-133695-0069,C5,3,20,0.8116060617353,3.2177206131138014,2.969,False,False,
D_rt0.6_d2.5_rep1,0.6,0.7866607223866862,2.5,1,212,clean,1098-133695-0069,C6,3,30,0.7879077153268413,3.678654709764575,7.02,False,False,
D_rt0.6_d2.5_rep1,0.6,0.7866607223866862,2.5,1,212,clean,1098-133695-0069,C7,4,10,0.9356657148428508,6.419155182927345,1.559,False,False,
D_rt0.6_d2.5_rep1,0.6,0.7866607223866862,2.5,1,212,clean,1098-133695-0069,C8,4,20,0.9174258732041707,7.60619860583311,3.159,False,False,
D_rt0.6_d2.5_rep1,0.6,0.7866607223866862,2.5,1,212,clean,1098-133695-0069,C9,4,30,0.8563909252479318,5.242763058013738,6.892,False,False,
D_rt0.6_d2.5_rep1,0.6,0.7866607223866862,2.5,1,212,clean,6848-252323-0022,baseline,,,0.8150007348150855,0.7955922279537924,,False,False,
D_rt0.6_d2.5_rep1,0.6,0.7866607223866862,2.5,1,212,clean,6848-252323-0022,C1,2,10,0.8614573844495605,3.3133064404469654,1.651,False,False,
D_rt0.6_d2.5_rep1,0.6,0.7866607223866862,2.5,1,212,clean,6848-252323-0022,C2,2,20,0.7709759743908521,1.8573913597791898,3.156,False,False,
D_rt0.6_d2.5_rep1,0.6,0.7866607223866862,2.5,1,212,clean,6848-252323-0022,C3,2,30,0.7607328098018451,0.0729620621203762,7.253,False,False,
D_rt0.6_d2.5_rep1,0.6,0.7866607223866862,2.5,1,212,clean,6848-252323-0022,C4,3,10,0.8999910381965768,4.338034300558456,1.668,False,False,
D_rt0.6_d2.5_rep1,0.6,0.7866607223866862,2.5,1,212,clean,6848-252323-0022,C5,3,20,0.8484626106408841,3.496468188446373,3.242,False,False,
D_rt0.6_d2.5_rep1,0.6,0.7866607223866862,2.5,1,212,clean,6848-252323-0022,C6,3,30,0.8136903638024598,4.0369531380560115,7.556,False,False,
D_rt0.6_d2.5_rep1,0.6,0.7866607223866862,2.5,1,212,clean,6848-252323-0022,C7,4,10,0.9135838830794493,3.7206032091043935,1.665,False,False,
D_rt0.6_d2.5_rep1,0.6,0.7866607223866862,2.5,1,212,clean,6848-252323-0022,C8,4,20,0.8880279881017076,5.361013396763409,3.148,False,False,
D_rt0.6_d2.5_rep1,0.6,0.7866607223866862,2.5,1,212,clean,6848-252323-0022,C9,4,30,0.8905398925942098,6.334862957671663,7.415,False,False,
D_rt0.6_d2.5_rep1,0.6,0.7866607223866862,2.5,1,212,clean,2893-139310-0011,baseline,,,0.8026020990553699,2.1415920673305453,,False,False,
D_rt0.6_d2.5_rep1,0.6,0.7866607223866862,2.5,1,212,clean,2893-139310-0011,C1,2,10,0.877717331188314,4.055124677004692,1.689,False,False,
D_rt0.6_d2.5_rep1,0.6,0.7866607223866862,2.5,1,212,clean,2893-139310-0011,C2,2,20,0.7864629489242203,1.2527621554850266,3.214,False,False,
D_rt0.6_d2.5_rep1,0.6,0.7866607223866862,2.5,1,212,clean,2893-139310-0011,C3,2,30,0.7617496580963332,-0.09483763117316883,7.243,False,False,
D_rt0.6_d2.5_rep1,0.6,0.7866607223866862,2.5,1,212,clean,2893-139310-0011,C4,3,10,0.8976588303112037,5.215517223592747,1.786,False,False,
D_rt0.6_d2.5_rep1,0.6,0.7866607223866862,2.5,1,212,clean,2893-139310-0011,C5,3,20,0.7867791359453454,-3.872839062697251,3.19,False,False,
D_rt0.6_d2.5_rep1,0.6,0.7866607223866862,2.5,1,212,clean,2893-139310-0011,C6,3,30,0.8281245130920739,2.3335261615620424,7.227,False,False,
D_rt0.6_d2.5_rep1,0.6,0.7866607223866862,2.5,1,212,clean,2893-139310-0011,C7,4,10,0.9145375512948037,6.161793846960098,1.685,False,False,
D_rt0.6_d2.5_rep1,0.6,0.7866607223866862,2.5,1,212,clean,2893-139310-0011,C8,4,20,0.9061950913180663,4.89529071057068,3.291,False,False,
D_rt0.6_d2.5_rep1,0.6,0.7866607223866862,2.5,1,212,clean,2893-139310-0011,C9,4,30,0.9004858006612783,6.371863595976891,7.301,False,False,
D_rt0.6_d2.5_rep1,0.6,0.7866607223866862,2.5,1,212,clean,26-495-0064,baseline,,,0.8182466749873659,2.8585700609859064,,False,False,
D_rt0.6_d2.5_rep1,0.6,0.7866607223866862,2.5,1,212,clean,26-495-0064,C1,2,10,0.8856696298277468,4.145805343724561,1.533,False,False,
D_rt0.6_d2.5_rep1,0.6,0.7866607223866862,2.5,1,212,clean,26-495-0064,C2,2,20,0.8160898657533058,1.4357223307264508,2.936,False,False,
D_rt0.6_d2.5_rep1,0.6,0.7866607223866862,2.5,1,212,clean,26-495-0064,C3,2,30,0.7777642379609823,-0.4904770156059091,7.042,False,False,
D_rt0.6_d2.5_rep1,0.6,0.7866607223866862,2.5,1,212,clean,26-495-0064,C4,3,10,0.9106513629299358,5.912600519031349,1.561,False,False,
D_rt0.6_d2.5_rep1,0.6,0.7866607223866862,2.5,1,212,clean,26-495-0064,C5,3,20,0.8640990171357235,3.3367026601382093,2.951,False,False,
D_rt0.6_d2.5_rep1,0.6,0.7866607223866862,2.5,1,212,clean,26-495-0064,C6,3,30,0.8382724615741123,3.4168500328895246,7.693,False,False,
D_rt0.6_d2.5_rep1,0.6,0.7866607223866862,2.5,1,212,clean,26-495-0064,C7,4,10,0.9292889659028308,7.33134845168056,1.56,False,False,
D_rt0.6_d2.5_rep1,0.6,0.7866607223866862,2.5,1,212,clean,26-495-0064,C8,4,20,0.9053396677320867,5.974426490764238,2.934,False,False,
D_rt0.6_d2.5_rep1,0.6,0.7866607223866862,2.5,1,212,clean,26-495-0064,C9,4,30,0.9030401919552854,6.05633925933423,6.975,False,False,
D_rt0.6_d2.5_rep1,0.6,0.7866607223866862,2.5,1,212,10dB,5808-48608-0028,baseline,,,0.7034680706845872,1.6360790610054554,,False,False,
D_rt0.6_d2.5_rep1,0.6,0.7866607223866862,2.5,1,212,10dB,5808-48608-0028,C1,2,10,0.7167540989557346,2.2306998433496976,1.709,False,False,
D_rt0.6_d2.5_rep1,0.6,0.7866607223866862,2.5,1,212,10dB,5808-48608-0028,C2,2,20,0.7314133780002198,2.751495360566873,3.198,False,False,
D_rt0.6_d2.5_rep1,0.6,0.7866607223866862,2.5,1,212,10dB,5808-48608-0028,C3,2,30,0.7346793497776958,2.85954838428787,7.334,False,False,
D_rt0.6_d2.5_rep1,0.6,0.7866607223866862,2.5,1,212,10dB,5808-48608-0028,C4,3,10,0.7346300106282454,2.9371807706009556,1.684,False,False,
D_rt0.6_d2.5_rep1,0.6,0.7866607223866862,2.5,1,212,10dB,5808-48608-0028,C5,3,20,0.7476982112619258,3.431653071492902,3.341,False,False,
D_rt0.6_d2.5_rep1,0.6,0.7866607223866862,2.5,1,212,10dB,5808-48608-0028,C6,3,30,0.7510738937419164,3.5796810199738682,7.538,False,False,
D_rt0.6_d2.5_rep1,0.6,0.7866607223866862,2.5,1,212,10dB,5808-48608-0028,C7,4,10,0.7526237036567401,3.4539334332654255,1.677,False,False,
D_rt0.6_d2.5_rep1,0.6,0.7866607223866862,2.5,1,212,10dB,5808-48608-0028,C8,4,20,0.7653410894679149,4.00297685546608,3.295,False,False,
D_rt0.6_d2.5_rep1,0.6,0.7866607223866862,2.5,1,212,10dB,5808-48608-0028,C9,4,30,0.7691003166232029,4.173683769431479,7.16,False,False,
D_rt0.6_d2.5_rep1,0.6,0.7866607223866862,2.5,1,212,10dB,1743-142912-0013,baseline,,,0.7917397542226141,1.7762116868833728,,False,False,
D_rt0.6_d2.5_rep1,0.6,0.7866607223866862,2.5,1,212,10dB,1743-142912-0013,C1,2,10,0.8134011059842594,2.111758828816799,1.333,False,False,
D_rt0.6_d2.5_rep1,0.6,0.7866607223866862,2.5,1,212,10dB,1743-142912-0013,C2,2,20,0.8253682070116023,2.601709665609526,2.54,False,False,
D_rt0.6_d2.5_rep1,0.6,0.7866607223866862,2.5,1,212,10dB,1743-142912-0013,C3,2,30,0.8309002229494185,2.800114541064238,6.688,False,False,
D_rt0.6_d2.5_rep1,0.6,0.7866607223866862,2.5,1,212,10dB,1743-142912-0013,C4,3,10,,,1.375,False,True,
D_rt0.6_d2.5_rep1,0.6,0.7866607223866862,2.5,1,212,10dB,1743-142912-0013,C5,3,20,0.8337475191825543,3.0149144003862416,2.546,False,False,
D_rt0.6_d2.5_rep1,0.6,0.7866607223866862,2.5,1,212,10dB,1743-142912-0013,C6,3,30,0.8389520581866445,3.20956024907024,6.219,False,False,
D_rt0.6_d2.5_rep1,0.6,0.7866607223866862,2.5,1,212,10dB,1743-142912-0013,C7,4,10,,,1.401,False,True,
D_rt0.6_d2.5_rep1,0.6,0.7866607223866862,2.5,1,212,10dB,1743-142912-0013,C8,4,20,0.8441561033771386,3.486050144677218,2.589,False,False,
D_rt0.6_d2.5_rep1,0.6,0.7866607223866862,2.5,1,212,10dB,1743-142912-0013,C9,4,30,0.849289558095625,3.6811498618497724,6.226,False,False,
D_rt0.6_d2.5_rep1,0.6,0.7866607223866862,2.5,1,212,10dB,1098-133695-0069,baseline,,,0.6782758529645532,1.075830190001536,,False,False,
D_rt0.6_d2.5_rep1,0.6,0.7866607223866862,2.5,1,212,10dB,1098-133695-0069,C1,2,10,0.7204816674018757,2.0863671053493835,1.55,False,False,
D_rt0.6_d2.5_rep1,0.6,0.7866607223866862,2.5,1,212,10dB,1098-133695-0069,C2,2,20,0.7343921112013605,2.5673961963633616,2.969,False,False,
D_rt0.6_d2.5_rep1,0.6,0.7866607223866862,2.5,1,212,10dB,1098-133695-0069,C3,2,30,0.738015551703896,2.6918626295007657,7.513,False,False,
D_rt0.6_d2.5_rep1,0.6,0.7866607223866862,2.5,1,212,10dB,1098-133695-0069,C4,3,10,0.729801192525148,2.350241557349119,1.563,False,False,
D_rt0.6_d2.5_rep1,0.6,0.7866607223866862,2.5,1,212,10dB,1098-133695-0069,C5,3,20,0.7425702952752807,2.7865773406596035,2.95,False,False,
D_rt0.6_d2.5_rep1,0.6,0.7866607223866862,2.5,1,212,10dB,1098-133695-0069,C6,3,30,0.748340884392377,2.977377182172178,7.066,False,False,
D_rt0.6_d2.5_rep1,0.6,0.7866607223866862,2.5,1,212,10dB,1098-133695-0069,C7,4,10,0.7376677037797521,2.7321605805571676,1.595,False,False,
D_rt0.6_d2.5_rep1,0.6,0.7866607223866862,2.5,1,212,10dB,1098-133695-0069,C8,4,20,0.7499286152833875,3.1417069781128064,2.964,False,False,
D_rt0.6_d2.5_rep1,0.6,0.7866607223866862,2.5,1,212,10dB,1098-133695-0069,C9,4,30,0.7570739966448229,3.3409790399010992,6.917,False,False,
D_rt0.6_d2.5_rep1,0.6,0.7866607223866862,2.5,1,212,10dB,6848-252323-0022,baseline,,,0.666410548354138,-0.07045083009689937,,False,False,
D_rt0.6_d2.5_rep1,0.6,0.7866607223866862,2.5,1,212,10dB,6848-252323-0022,C1,2,10,0.6862515201510817,0.8852880094089046,1.808,False,False,
D_rt0.6_d2.5_rep1,0.6,0.7866607223866862,2.5,1,212,10dB,6848-252323-0022,C2,2,20,0.6996535443447285,1.4639630908453602,3.164,False,False,
D_rt0.6_d2.5_rep1,0.6,0.7866607223866862,2.5,1,212,10dB,6848-252323-0022,C3,2,30,0.7035543111190591,1.6433047912673753,7.327,False,False,
D_rt0.6_d2.5_rep1,0.6,0.7866607223866862,2.5,1,212,10dB,6848-252323-0022,C4,3,10,0.7046453778616015,1.5993770361105355,1.657,False,False,
D_rt0.6_d2.5_rep1,0.6,0.7866607223866862,2.5,1,212,10dB,6848-252323-0022,C5,3,20,0.7182928354060372,2.187515734106692,3.307,False,False,
D_rt0.6_d2.5_rep1,0.6,0.7866607223866862,2.5,1,212,10dB,6848-252323-0022,C6,3,30,0.7218099094717435,2.3599161020303523,7.241,False,False,
D_rt0.6_d2.5_rep1,0.6,0.7866607223866862,2.5,1,212,10dB,6848-252323-0022,C7,4,10,0.7170352057495357,1.8840927916588726,1.658,False,False,
D_rt0.6_d2.5_rep1,0.6,0.7866607223866862,2.5,1,212,10dB,6848-252323-0022,C8,4,20,0.7284554218879337,2.405392726138244,3.155,False,False,
D_rt0.6_d2.5_rep1,0.6,0.7866607223866862,2.5,1,212,10dB,6848-252323-0022,C9,4,30,0.7324131034752116,2.591460072686723,7.413,False,False,
D_rt0.6_d2.5_rep1,0.6,0.7866607223866862,2.5,1,212,10dB,2893-139310-0011,baseline,,,0.7107105700713378,1.1202291665978923,,False,False,
D_rt0.6_d2.5_rep1,0.6,0.7866607223866862,2.5,1,212,10dB,2893-139310-0011,C1,2,10,0.7377032106848141,2.0839131726446785,1.667,False,False,
D_rt0.6_d2.5_rep1,0.6,0.7866607223866862,2.5,1,212,10dB,2893-139310-0011,C2,2,20,0.7499372694119585,2.483971664802829,3.246,False,False,
D_rt0.6_d2.5_rep1,0.6,0.7866607223866862,2.5,1,212,10dB,2893-139310-0011,C3,2,30,0.753604184571515,2.5388969867436155,7.425,False,False,
D_rt0.6_d2.5_rep1,0.6,0.7866607223866862,2.5,1,212,10dB,2893-139310-0011,C4,3,10,0.7425206182511592,2.371374265669193,1.715,False,False,
D_rt0.6_d2.5_rep1,0.6,0.7866607223866862,2.5,1,212,10dB,2893-139310-0011,C5,3,20,0.7532172163843504,2.7189135524479777,3.214,False,False,
D_rt0.6_d2.5_rep1,0.6,0.7866607223866862,2.5,1,212,10dB,2893-139310-0011,C6,3,30,0.7572851356776765,2.858744903847538,7.676,False,False,
D_rt0.6_d2.5_rep1,0.6,0.7866607223866862,2.5,1,212,10dB,2893-139310-0011,C7,4,10,0.7552793675321711,2.8043852600976105,1.684,False,False,
D_rt0.6_d2.5_rep1,0.6,0.7866607223866862,2.5,1,212,10dB,2893-139310-0011,C8,4,20,0.7661159428723798,3.161315253138617,3.175,False,False,
D_rt0.6_d2.5_rep1,0.6,0.7866607223866862,2.5,1,212,10dB,2893-139310-0011,C9,4,30,0.7701837848054105,3.308433912629978,7.277,False,False,
D_rt0.6_d2.5_rep1,0.6,0.7866607223866862,2.5,1,212,10dB,26-495-0064,baseline,,,0.7698801978848858,1.745559229564715,,False,False,
D_rt0.6_d2.5_rep1,0.6,0.7866607223866862,2.5,1,212,10dB,26-495-0064,C1,2,10,0.8007634988260617,2.1561984980035604,1.608,False,False,
D_rt0.6_d2.5_rep1,0.6,0.7866607223866862,2.5,1,212,10dB,26-495-0064,C2,2,20,0.8127266730164684,2.535842984183505,2.933,False,False,
D_rt0.6_d2.5_rep1,0.6,0.7866607223866862,2.5,1,212,10dB,26-495-0064,C3,2,30,0.8154846896691389,2.679551921953043,7.398,False,False,
D_rt0.6_d2.5_rep1,0.6,0.7866607223866862,2.5,1,212,10dB,26-495-0064,C4,3,10,0.8194904509454305,3.030660369338367,1.606,False,False,
D_rt0.6_d2.5_rep1,0.6,0.7866607223866862,2.5,1,212,10dB,26-495-0064,C5,3,20,0.8315204042332313,3.46138854827477,3.07,False,False,
D_rt0.6_d2.5_rep1,0.6,0.7866607223866862,2.5,1,212,10dB,26-495-0064,C6,3,30,0.8351204222684214,3.5990080551176296,6.94,False,False,
D_rt0.6_d2.5_rep1,0.6,0.7866607223866862,2.5,1,212,10dB,26-495-0064,C7,4,10,0.8296851653177989,3.5738533403618273,1.573,False,False,
D_rt0.6_d2.5_rep1,0.6,0.7866607223866862,2.5,1,212,10dB,26-495-0064,C8,4,20,0.8427950992339303,4.057732118812821,2.948,False,False,
D_rt0.6_d2.5_rep1,0.6,0.7866607223866862,2.5,1,212,10dB,26-495-0064,C9,4,30,0.8464861581985019,4.196187231125473,7.08,False,False,
